"Fecha","Último","Apertura","Máximo","Mínimo","Vol.","% var."
"02.03.2025","13.025,50","13.360,00","13.446,00","12.996,04","298,92M","-2,41%"
"23.02.2025","13.347,30","12.970,60","13.347,30","12.927,20","808,12M","3,05%"
"16.02.2025","12.952,00","12.942,20","13.158,60","12.894,60","609,14M","-0,03%"
"09.02.2025","12.956,00","12.681,20","12.984,60","12.664,60","635,64M","2,10%"
"02.02.2025","12.688,90","12.114,20","12.775,60","12.101,30","771,01M","2,59%"
"26.01.2025","12.368,90","11.887,50","12.465,60","11.882,30","561,35M","3,22%"
"19.01.2025","11.982,60","11.921,10","12.050,30","11.843,60","580,66M","0,56%"
"12.01.2025","11.916,30","11.662,50","11.973,30","11.637,00","592,86M","1,67%"
"05.01.2025","11.720,90","11.693,00","11.904,20","11.613,70","578,56M","0,59%"
"29.12.2024","11.651,60","11.478,40","11.701,80","11.456,20","310,04M","1,04%"
"22.12.2024","11.531,60","11.462,40","11.531,60","11.399,10","214,58M","0,56%"
"15.12.2024","11.467,30","11.733,80","11.794,20","11.310,50","730,25M","-2,42%"
"08.12.2024","11.752,10","12.091,40","12.114,70","11.741,80","504,19M","-2,65%"
"01.12.2024","12.072,00","11.581,40","12.153,60","11.577,80","518,03M","3,70%"
"24.11.2024","11.641,30","11.732,70","11.767,60","11.486,10","655,77M","-0,13%"
"17.11.2024","11.656,60","11.640,80","11.720,70","11.428,00","595,65M","0,18%"
"10.11.2024","11.635,90","11.644,00","11.667,70","11.295,00","554,08M","0,73%"
"03.11.2024","11.551,60","11.823,20","11.892,10","11.461,20","766,27M","-2,46%"
"27.10.2024","11.843,00","11.863,90","11.962,50","11.615,40","615,87M","0,26%"
"20.10.2024","11.812,50","11.887,90","11.932,10","11.682,30","437,29M","-0,95%"
"13.10.2024","11.925,20","11.714,40","12.037,90","11.712,10","528,20M","1,75%"
"06.10.2024","11.720,00","11.707,60","11.781,20","11.589,00","440,15M","0,52%"
"29.09.2024","11.659,20","11.929,00","11.971,80","11.563,80","684,13M","-2,58%"
"22.09.2024","11.967,90","11.761,00","12.004,60","11.721,00","521,18M","1,83%"
"15.09.2024","11.753,30","11.518,20","11.826,70","11.510,00","739,18M","1,85%"
"08.09.2024","11.540,20","11.222,10","11.569,10","11.177,00","480,88M","3,29%"
"01.09.2024","11.173,00","11.395,30","11.429,40","11.138,80","487,50M","-2,01%"
"25.08.2024","11.401,90","11.266,93","11.446,25","11.240,00","199,32M","1,10%"
"18.08.2024","11.278,10","10.968,38","11.292,25","10.968,00","76,13M","3,00%"
"11.08.2024","10.949,70","10.673,70","10.961,60","10.610,00","68,79M","2,93%"
"04.08.2024","10.638,50","10.412,10","10.688,95","10.293,30","63,17M","-0,32%"
"28.07.2024","10.672,90","11.212,00","11.255,00","10.640,30","187,82M","-4,42%"
"21.07.2024","11.165,90","11.152,00","11.248,88","11.012,04","86,56M","0,71%"
"14.07.2024","11.087,50","11.225,00","11.225,90","11.015,80","481,77M","-1,45%"
"07.07.2024","11.250,60","11.002,40","11.264,80","10.876,80","539,09M","2,06%"
"30.06.2024","11.023,50","11.086,10","11.141,20","10.837,40","508,92M","0,73%"
"23.06.2024","10.943,70","11.051,10","11.190,40","10.913,00","510,94M","-0,80%"
"16.06.2024","11.032,30","11.041,30","11.166,40","10.881,50","689,74M","0,36%"
"09.06.2024","10.992,30","11.374,60","11.378,20","10.874,10","739,81M","-3,62%"
"02.06.2024","11.404,90","11.408,40","11.469,90","11.213,20","675,00M","0,73%"
"26.05.2024","11.322,00","11.260,00","11.361,20","11.125,30","1,13B","0,68%"
"19.05.2024","11.246,00","11.332,60","11.371,50","11.169,20","556,42M","-0,72%"
"12.05.2024","11.327,70","11.104,80","11.385,70","11.073,90","687,66M","2,00%"
"05.05.2024","11.105,50","10.878,90","11.160,00","10.847,10","923,33M","2,31%"
"28.04.2024","10.854,70","11.181,40","11.228,30","10.820,50","975,63M","-2,69%"
"21.04.2024","11.154,60","10.806,80","11.168,70","10.783,90","930,28M","3,96%"
"14.04.2024","10.729,50","10.670,70","10.776,30","10.499,20","802,57M","0,41%"
"07.04.2024","10.686,00","10.863,10","10.932,30","10.591,40","751,65M","-2,11%"
"31.03.2024","10.916,00","11.037,40","11.111,20","10.879,90","666,82M","-1,43%"
"24.03.2024","11.074,60","10.917,10","11.140,10","10.911,50","817,62M","1,20%"
"17.03.2024","10.943,20","10.602,90","10.963,90","10.576,60","783,61M","3,26%"
"10.03.2024","10.597,90","10.275,90","10.640,80","10.268,90","1,15B","2,84%"
"03.03.2024","10.305,70","10.071,00","10.366,90","10.032,10","809,70M","2,39%"
"25.02.2024","10.064,70","10.126,20","10.157,30","10.001,00","856,73M","-0,65%"
"18.02.2024","10.130,60","9.885,00","10.196,40","9.878,30","575,88M","2,47%"
"11.02.2024","9.886,40","9.939,10","10.004,10","9.841,60","585,99M","-0,10%"
"04.02.2024","9.896,60","10.047,40","10.083,10","9.857,40","753,12M","-1,65%"
"28.01.2024","10.062,50","9.939,50","10.149,60","9.864,20","794,50M","1,27%"
"21.01.2024","9.936,60","9.915,40","10.000,60","9.845,10","621,18M","0,79%"
"14.01.2024","9.858,30","10.119,30","10.135,30","9.798,80","640,82M","-2,34%"
"07.01.2024","10.094,80","10.142,30","10.209,00","9.994,00","672,59M","-0,69%"
"31.12.2023","10.164,50","10.161,30","10.287,90","10.038,10","529,60M","0,62%"
"24.12.2023","10.102,10","10.096,10","10.146,80","10.074,60","511,98M","-0,10%"
"17.12.2023","10.111,90","10.064,40","10.158,20","10.023,80","572,17M","0,16%"
"10.12.2023","10.095,60","10.220,10","10.257,80","10.050,70","1,01B","-1,25%"
"03.12.2023","10.223,40","10.139,10","10.301,30","10.113,90","726,77M","0,81%"
"26.11.2023","10.140,80","9.925,90","10.140,80","9.919,50","730,71M","2,03%"
"19.11.2023","9.939,00","9.760,90","9.957,30","9.759,70","615,87M","1,82%"
"12.11.2023","9.761,40","9.415,90","9.774,70","9.401,00","857,40M","4,16%"
"05.11.2023","9.371,70","9.297,40","9.420,20","9.200,30","630,71M","0,84%"
"29.10.2023","9.293,90","8.953,90","9.339,80","8.945,90","780,34M","4,21%"
"22.10.2023","8.918,30","9.028,90","9.037,30","8.879,30","793,19M","-1,23%"
"15.10.2023","9.029,10","9.244,30","9.323,40","9.021,80","667,46M","-2,21%"
"08.10.2023","9.232,90","9.180,60","9.434,50","9.111,80","610,72M","-0,03%"
"01.10.2023","9.235,80","9.448,40","9.495,10","9.077,60","677,28M","-2,04%"
"24.09.2023","9.428,00","9.468,80","9.523,90","9.307,10","646,53M","-0,78%"
"17.09.2023","9.502,00","9.538,40","9.672,20","9.455,30","544,77M","-0,50%"
"10.09.2023","9.549,70","9.403,40","9.642,00","9.330,60","780,91M","1,98%"
"03.09.2023","9.364,60","9.486,70","9.515,00","9.238,50","499,90M","-0,90%"
"27.08.2023","9.449,60","9.398,10","9.614,70","9.397,70","600,94M","1,19%"
"20.08.2023","9.338,90","9.268,60","9.415,50","9.239,40","356,43M","0,77%"
"13.08.2023","9.267,70","9.423,70","9.471,70","9.192,70","372,85M","-1,77%"
"06.08.2023","9.434,30","9.346,10","9.522,90","9.213,60","494,73M","0,70%"
"30.07.2023","9.368,40","9.675,90","9.688,30","9.244,30","770,25M","-3,27%"
"23.07.2023","9.685,10","9.417,00","9.741,90","9.401,00","798,43M","1,19%"
"16.07.2023","9.571,50","9.414,90","9.571,50","9.388,90","481,53M","1,41%"
"09.07.2023","9.438,30","9.210,50","9.523,60","9.183,00","570,47M","2,05%"
"02.07.2023","9.248,80","9.604,30","9.658,60","9.169,80","590,13M","-3,59%"
"25.06.2023","9.593,00","9.283,10","9.642,30","9.198,70","634,15M","3,53%"
"18.06.2023","9.265,80","9.457,80","9.503,20","9.239,70","510,27M","-2,41%"
"11.06.2023","9.495,00","9.345,90","9.580,80","9.261,10","880,62M","1,99%"
"04.06.2023","9.309,70","9.352,00","9.427,60","9.242,30","492,11M","-0,08%"
"28.05.2023","9.317,30","9.263,10","9.324,80","9.034,90","814,73M","1,37%"
"21.05.2023","9.191,10","9.242,80","9.326,60","9.048,20","510,32M","-0,65%"
"14.05.2023","9.251,50","9.269,30","9.309,40","9.125,70","526,56M","0,19%"
"07.05.2023","9.234,10","9.162,20","9.276,90","9.118,00","544,21M","0,95%"
"30.04.2023","9.147,30","9.248,20","9.264,90","8.967,30","603,65M","-1,01%"
"23.04.2023","9.241,00","9.382,50","9.433,90","9.159,80","795,00M","-1,85%"
"16.04.2023","9.415,60","9.387,40","9.540,50","9.361,00","774,41M","0,56%"
"09.04.2023","9.362,90","9.352,50","9.378,40","9.227,10","547,63M","0,54%"
"02.04.2023","9.312,30","9.214,60","9.323,50","9.135,50","517,80M","0,86%"
"26.03.2023","9.232,50","8.897,60","9.254,50","8.839,80","800,62M","5,00%"
"19.03.2023","8.792,50","8.668,70","9.100,20","8.501,20","1,25B","0,84%"
"12.03.2023","8.719,30","9.272,30","9.273,60","8.655,30","1,95B","-6,09%"
"05.03.2023","9.285,00","9.498,80","9.528,30","9.182,70","824,81M","-1,89%"
"26.02.2023","9.464,20","9.252,00","9.472,20","9.246,10","962,01M","2,85%"
"19.02.2023","9.201,50","9.352,70","9.369,10","9.118,50","770,04M","-1,41%"
"12.02.2023","9.333,00","9.135,10","9.363,10","9.120,70","724,91M","2,36%"
"05.02.2023","9.117,40","9.175,50","9.296,30","9.069,60","797,01M","-1,17%"
"29.01.2023","9.225,60","9.045,80","9.281,40","8.994,00","1,29B","1,83%"
"22.01.2023","9.060,20","8.925,20","9.082,80","8.905,00","930,36M","1,59%"
"15.01.2023","8.918,20","8.896,80","8.988,90","8.726,70","898,81M","0,41%"
"08.01.2023","8.881,70","8.692,40","8.918,40","8.661,40","930,09M","2,08%"
"01.01.2023","8.701,10","8.297,90","8.701,10","8.283,70","808,22M","5,74%"
"25.12.2022","8.229,10","8.307,40","8.332,50","8.208,70","427,89M","-0,48%"
"18.12.2022","8.269,10","8.122,30","8.338,60","8.059,50","683,02M","1,93%"
"11.12.2022","8.112,50","8.260,50","8.415,70","8.079,80","1,09B","-2,13%"
"04.12.2022","8.289,20","8.372,80","8.395,70","8.194,90","607,55M","-1,11%"
"27.11.2022","8.382,60","8.380,70","8.469,00","8.282,80","952,84M","-0,40%"
"20.11.2022","8.416,60","8.102,90","8.425,50","8.100,50","798,98M","3,55%"
"13.11.2022","8.127,80","8.123,20","8.210,80","7.986,10","806,90M","0,37%"
"06.11.2022","8.098,10","7.910,50","8.178,70","7.893,20","893,78M","1,96%"
"30.10.2022","7.942,70","7.913,60","8.073,90","7.798,40","793,97M","0,33%"
"23.10.2022","7.916,50","7.612,20","7.944,30","7.570,00","893,93M","4,92%"
"16.10.2022","7.545,60","7.416,10","7.692,30","7.413,40","871,55M","2,21%"
"09.10.2022","7.382,50","7.389,50","7.503,40","7.189,60","764,16M","-0,73%"
"02.10.2022","7.436,90","7.327,50","7.699,90","7.288,50","737,06M","0,95%"
"25.09.2022","7.366,80","7.534,20","7.589,20","7.242,20","979,11M","-2,86%"
"18.09.2022","7.583,50","7.957,80","8.064,10","7.527,50","823,61M","-5,02%"
"11.09.2022","7.984,70","8.087,80","8.235,80","7.962,20","1,08B","-0,60%"
"04.09.2022","8.033,10","7.801,30","8.063,80","7.765,50","788,38M","1,27%"
"28.08.2022","7.932,20","7.970,90","8.105,20","7.796,70","743,88M","-1,63%"
"21.08.2022","8.063,90","8.291,60","8.300,90","8.044,10","519,04M","-3,29%"
"14.08.2022","8.338,10","8.423,90","8.540,00","8.320,90","548,43M","-0,74%"
"07.08.2022","8.400,40","8.220,90","8.453,00","8.193,30","588,48M","2,85%"
"31.07.2022","8.168,00","8.161,90","8.230,70","8.049,80","743,38M","0,14%"
"24.07.2022","8.156,20","8.021,90","8.207,80","7.995,40","901,25M","1,30%"
"17.07.2022","8.051,60","8.004,70","8.173,30","7.912,70","933,50M","1,33%"
"10.07.2022","7.945,90","7.994,40","8.099,80","7.764,90","1,09B","-1,91%"
"03.07.2022","8.100,30","8.226,20","8.240,40","7.939,70","908,01M","-0,93%"
"26.06.2022","8.176,10","8.266,10","8.374,80","7.994,20","773,54M","-0,82%"
"19.06.2022","8.244,10","8.180,40","8.361,40","8.034,30","833,43M","1,21%"
"12.06.2022","8.145,90","8.312,90","8.312,90","8.025,60","1,19B","-2,92%"
"05.06.2022","8.390,60","8.785,30","8.881,60","8.362,80","854,15M","-3,83%"
"29.05.2022","8.724,80","8.975,60","8.992,70","8.706,40","836,86M","-2,34%"
"22.05.2022","8.933,60","8.600,40","8.937,70","8.514,70","976,17M","5,29%"
"15.05.2022","8.484,50","8.316,30","8.546,90","8.284,80","759,35M","1,76%"
"08.05.2022","8.338,10","8.280,10","8.358,40","8.134,50","947,59M","0,19%"
"01.05.2022","8.322,00","8.516,60","8.651,20","8.283,60","1,06B","-3,05%"
"24.04.2022","8.584,20","8.535,60","8.703,80","8.344,90","1,21B","-0,79%"
"17.04.2022","8.652,30","8.677,00","8.877,70","8.619,10","774,85M","-0,54%"
"10.04.2022","8.699,00","8.580,90","8.756,80","8.446,30","696,90M","1,08%"
"03.04.2022","8.606,40","8.536,10","8.640,30","8.418,00","994,11M","1,21%"
"27.03.2022","8.503,70","8.354,40","8.621,00","8.354,40","981,69M","2,08%"
"20.03.2022","8.330,60","8.417,30","8.522,20","8.274,50","841,90M","-1,03%"
"13.03.2022","8.417,60","8.228,90","8.475,50","8.092,70","1,39B","3,38%"
"06.03.2022","8.142,10","7.510,40","8.375,30","7.287,70","1,85B","5,46%"
"27.02.2022","7.720,90","8.302,80","8.510,30","7.719,00","1,79B","-9,02%"
"20.02.2022","8.486,60","8.638,80","8.666,40","8.048,00","1,49B","-1,20%"
"13.02.2022","8.590,00","8.583,90","8.798,00","8.504,50","1,05B","-2,37%"
"06.02.2022","8.798,10","8.646,30","8.912,20","8.509,00","1,30B","2,43%"
"30.01.2022","8.589,30","8.697,10","8.785,20","8.551,10","1,20B","-0,24%"
"23.01.2022","8.609,80","8.660,00","8.740,60","8.361,40","1,14B","-0,98%"
"16.01.2022","8.694,70","8.848,40","8.866,60","8.622,10","911,71M","-1,27%"
"09.01.2022","8.806,60","8.771,40","8.817,10","8.679,50","830,95M","0,63%"
"02.01.2022","8.751,80","8.729,70","8.834,10","8.628,90","801,11M","0,44%"
"26.12.2021","8.713,80","8.512,20","8.728,00","8.508,40","421,72M","1,75%"
"19.12.2021","8.563,70","8.113,50","8.587,70","8.082,40","573,83M","3,03%"
"12.12.2021","8.311,60","8.380,60","8.433,70","8.246,80","973,82M","-0,58%"
"05.12.2021","8.360,20","8.323,80","8.582,40","8.288,60","796,72M","1,44%"
"28.11.2021","8.241,70","8.487,60","8.562,00","8.210,20","1,18B","-1,92%"
"21.11.2021","8.402,70","8.774,10","8.873,40","8.386,90","1,15B","-4,00%"
"14.11.2021","8.753,20","9.036,10","9.118,00","8.713,20","898,86M","-3,61%"
"07.11.2021","9.080,80","9.133,10","9.164,10","9.043,30","684,33M","-0,55%"
"31.10.2021","9.130,60","9.064,60","9.198,10","8.989,50","872,61M","0,80%"
"24.10.2021","9.057,70","8.932,80","9.057,70","8.891,90","874,06M","1,70%"
"17.10.2021","8.906,40","8.984,40","9.038,00","8.885,40","748,35M","-1,01%"
"10.10.2021","8.997,00","8.929,40","9.016,50","8.759,80","852,90M","0,47%"
"03.10.2021","8.955,00","8.801,70","9.000,80","8.723,80","845,68M","1,77%"
"26.09.2021","8.799,50","8.925,10","9.034,70","8.654,80","966,83M","-0,83%"
"19.09.2021","8.873,10","8.643,70","8.908,30","8.551,20","937,07M","1,28%"
"12.09.2021","8.760,90","8.724,20","8.858,30","8.629,00","1,20B","0,75%"
"05.09.2021","8.695,30","8.889,50","8.915,90","8.668,40","627,21M","-1,90%"
"29.08.2021","8.864,00","8.925,70","9.055,50","8.783,30","612,08M","-0,65%"
"22.08.2021","8.922,20","8.973,40","9.010,90","8.848,90","497,21M","0,08%"
"15.08.2021","8.915,30","8.933,70","8.979,90","8.809,20","601,96M","-0,94%"
"08.08.2021","8.999,80","8.870,20","9.015,70","8.842,40","509,67M","1,36%"
"01.08.2021","8.879,00","8.723,30","8.892,60","8.723,30","638,13M","2,34%"
"25.07.2021","8.675,70","8.655,10","8.840,70","8.630,70","813,25M","-0,48%"
"18.07.2021","8.717,20","8.450,90","8.757,50","8.252,20","793,01M","2,48%"
"11.07.2021","8.506,20","8.791,90","8.832,20","8.423,10","636,86M","-3,08%"
"04.07.2021","8.776,60","8.900,50","8.965,50","8.597,80","747,11M","-1,47%"
"27.06.2021","8.907,60","9.075,50","9.083,50","8.765,30","723,62M","-2,06%"
"20.06.2021","9.095,00","8.970,10","9.107,20","8.906,00","679,14M","0,71%"
"13.06.2021","9.030,60","9.238,70","9.310,80","8.976,40","1,07B","-1,89%"
"06.06.2021","9.205,00","9.076,10","9.211,80","9.042,00","660,51M","1,28%"
"30.05.2021","9.088,30","9.224,20","9.226,80","9.071,20","678,44M","-1,48%"
"23.05.2021","9.224,60","9.230,40","9.254,70","9.144,90","917,72M","0,22%"
"16.05.2021","9.204,00","9.166,70","9.241,50","8.977,90","854,18M","0,64%"
"09.05.2021","9.145,60","9.121,50","9.149,10","8.804,30","999,81M","0,95%"
"02.05.2021","9.059,20","8.821,60","9.065,90","8.796,30","942,96M","2,77%"
"25.04.2021","8.815,00","8.629,90","8.869,90","8.590,60","1,09B","2,28%"
"18.04.2021","8.618,60","8.613,80","8.741,40","8.426,20","815,69M","0,06%"
"11.04.2021","8.613,50","8.556,10","8.656,40","8.467,30","740,44M","0,56%"
"04.04.2021","8.565,80","8.673,20","8.691,90","8.564,40","638,33M","-0,14%"
"28.03.2021","8.577,60","8.502,80","8.652,20","8.451,50","765,98M","0,93%"
"21.03.2021","8.498,20","8.430,20","8.528,80","8.274,20","1,02B","0,06%"
"14.03.2021","8.493,00","8.689,90","8.740,10","8.465,90","1,21B","-1,75%"
"07.03.2021","8.644,50","8.358,00","8.644,50","8.307,50","1,06B","4,32%"
"28.02.2021","8.286,80","8.324,60","8.466,60","8.239,70","1,07B","0,75%"
"21.02.2021","8.225,00","8.119,60","8.387,00","8.045,30","1,34B","0,90%"
"14.02.2021","8.151,60","8.124,40","8.222,30","8.016,10","909,66M","1,20%"
"07.02.2021","8.055,00","8.251,80","8.260,30","7.921,30","827,68M","-1,94%"
"31.01.2021","8.214,70","7.823,00","8.227,20","7.779,80","1,14B","5,89%"
"24.01.2021","7.757,50","8.076,90","8.085,80","7.713,50","1,06B","-3,47%"
"17.01.2021","8.036,40","8.194,70","8.320,20","7.971,10","846,21M","-2,36%"
"10.01.2021","8.230,70","8.369,20","8.411,90","8.173,80","1,05B","-2,11%"
"03.01.2021","8.407,70","8.191,80","8.439,70","8.037,40","1,11B","4,14%"
"27.12.2020","8.073,70","8.179,30","8.225,80","8.073,70","503,44M","-0,47%"
"20.12.2020","8.111,50","7.860,90","8.112,40","7.663,50","793,05M","0,92%"
"13.12.2020","8.037,40","8.160,20","8.222,50","8.036,70","1,21B","-0,32%"
"06.12.2020","8.063,10","8.283,30","8.296,40","7.978,10","1,18B","-3,12%"
"29.11.2020","8.322,90","8.130,60","8.322,90","8.075,40","1,73B","1,61%"
"22.11.2020","8.190,70","8.029,10","8.199,90","7.972,20","1,56B","2,67%"
"15.11.2020","7.977,90","7.905,90","8.102,40","7.835,80","1,82B","2,49%"
"08.11.2020","7.783,70","6.972,30","7.823,10","6.945,80","2,47B","13,29%"
"01.11.2020","6.870,40","6.481,40","6.948,30","6.396,30","1,24B","6,48%"
"25.10.2020","6.452,20","6.797,90","6.904,20","6.329,50","1,35B","-6,40%"
"18.10.2020","6.893,40","6.882,10","6.972,10","6.709,30","1,04B","0,64%"
"11.10.2020","6.849,70","6.968,80","6.979,90","6.763,00","1,02B","-1,46%"
"04.10.2020","6.950,90","6.814,50","7.024,60","6.794,10","1,09B","2,91%"
"27.09.2020","6.754,50","6.709,20","6.800,80","6.639,70","1,11B","1,90%"
"20.09.2020","6.628,30","6.892,90","6.892,90","6.552,30","1,52B","-4,35%"
"13.09.2020","6.929,80","6.989,80","7.110,80","6.923,60","1,83B","-0,19%"
"06.09.2020","6.943,20","7.032,80","7.102,60","6.899,00","1,13B","-0,67%"
"30.08.2020","6.989,70","7.174,30","7.198,30","6.903,00","1,35B","-2,01%"
"23.08.2020","7.133,00","7.044,20","7.215,10","7.029,20","815,14M","2,16%"
"16.08.2020","6.982,10","7.141,50","7.173,30","6.900,50","733,03M","-2,41%"
"09.08.2020","7.154,30","7.004,40","7.321,90","6.957,00","1,04B","2,93%"
"02.08.2020","6.950,50","6.867,40","7.123,50","6.788,90","1,11B","1,06%"
"26.07.2020","6.877,40","7.267,80","7.268,00","6.877,40","1,24B","-5,72%"
"19.07.2020","7.294,70","7.442,50","7.654,80","7.241,10","993,33M","-1,96%"
"12.07.2020","7.440,40","7.403,20","7.529,60","7.268,40","1,02B","1,63%"
"05.07.2020","7.321,10","7.566,50","7.632,30","7.183,20","1,02B","-1,11%"
"28.06.2020","7.403,50","7.160,10","7.538,20","7.127,10","1,14B","3,14%"
"21.06.2020","7.178,40","7.371,60","7.495,10","7.077,80","1,21B","-3,18%"
"14.06.2020","7.414,20","7.116,90","7.599,30","7.062,90","2,01B","1,67%"
"07.06.2020","7.292,70","7.813,10","7.992,70","7.205,00","2,19B","-7,37%"
"31.05.2020","7.872,60","7.228,70","7.890,40","7.160,10","2,23B","10,94%"
"24.05.2020","7.096,50","6.766,60","7.244,50","6.725,20","2,35B","5,96%"
"17.05.2020","6.697,50","6.583,10","6.872,60","6.499,10","1,60B","3,44%"
"10.05.2020","6.474,90","6.830,90","6.854,70","6.421,40","1,10B","-4,54%"
"03.05.2020","6.783,10","6.767,70","6.815,90","6.666,20","907,48M","-2,01%"
"26.04.2020","6.922,30","6.780,90","7.128,40","6.667,30","943,79M","4,66%"
"19.04.2020","6.613,90","6.932,50","6.933,30","6.578,10","912,00M","-3,81%"
"12.04.2020","6.875,80","7.209,70","7.209,70","6.733,10","1,04B","-2,76%"
"05.04.2020","7.070,60","6.807,90","7.119,10","6.728,60","883,08M","7,43%"
"29.03.2020","6.581,60","6.748,60","6.802,00","6.424,50","1,17B","-2,90%"
"22.03.2020","6.777,90","6.223,70","7.058,10","6.148,00","1,38B","5,19%"
"15.03.2020","6.443,30","6.331,00","6.769,90","5.814,50","2,20B","-2,81%"
"08.03.2020","6.629,60","7.884,00","8.022,90","6.347,00","2,67B","-20,85%"
"01.03.2020","8.375,60","8.910,20","9.014,30","8.310,40","1,72B","-3,98%"
"23.02.2020","8.723,20","9.649,80","9.676,80","8.582,70","1,66B","-11,76%"
"16.02.2020","9.886,20","9.979,20","10.100,20","9.843,50","815,50M","-0,71%"
"09.02.2020","9.956,80","9.790,60","9.969,70","9.773,50","788,41M","1,49%"
"02.02.2020","9.811,00","9.404,40","9.816,20","9.361,50","992,73M","4,73%"
"26.01.2020","9.367,90","9.447,10","9.574,30","9.357,80","974,23M","-2,03%"
"19.01.2020","9.562,00","9.676,60","9.680,90","9.499,30","684,85M","-1,23%"
"12.01.2020","9.681,30","9.586,60","9.709,90","9.466,00","723,58M","1,12%"
"05.01.2020","9.573,60","9.585,40","9.657,90","9.492,70","655,64M","-0,76%"
"29.12.2019","9.646,60","9.672,50","9.705,40","9.518,50","435,31M","-0,56%"
"22.12.2019","9.700,50","9.650,20","9.700,50","9.607,80","257,87M","0,26%"
"15.12.2019","9.675,50","9.607,90","9.692,40","9.567,40","1,01B","1,17%"
"08.12.2019","9.563,70","9.378,20","9.650,90","9.246,10","864,50M","1,93%"
"01.12.2019","9.382,70","9.367,20","9.395,40","9.110,10","761,72M","0,33%"
"24.11.2019","9.352,00","9.300,00","9.404,70","9.288,20","726,11M","1,05%"
"17.11.2019","9.254,70","9.265,10","9.327,60","9.152,10","712,85M","-0,07%"
"10.11.2019","9.261,40","9.370,30","9.436,80","9.132,80","897,29M","-1,41%"
"03.11.2019","9.393,70","9.376,50","9.482,50","9.354,30","944,85M","0,70%"
"27.10.2019","9.328,00","9.432,30","9.455,60","9.208,90","859,96M","-1,08%"
"20.10.2019","9.430,20","9.350,30","9.448,00","9.332,40","735,90M","1,08%"
"13.10.2019","9.329,80","9.229,20","9.494,50","9.195,20","867,20M","0,60%"
"06.10.2019","9.273,80","8.954,70","9.273,80","8.900,80","779,59M","3,48%"
"29.09.2019","8.961,80","9.194,80","9.298,80","8.850,60","824,01M","-2,42%"
"22.09.2019","9.184,10","9.154,90","9.210,50","9.000,90","708,19M","0,06%"
"15.09.2019","9.179,00","9.099,90","9.210,90","8.963,80","1,15B","0,45%"
"08.09.2019","9.137,90","8.997,70","9.153,50","8.947,70","1,11B","1,64%"
"01.09.2019","8.990,10","8.810,80","9.025,90","8.772,80","810,68M","2,01%"
"25.08.2019","8.812,90","8.603,30","8.858,80","8.592,20","640,04M","1,89%"
"18.08.2019","8.649,50","8.726,90","8.806,40","8.618,30","675,46M","-0,24%"
"11.08.2019","8.670,40","8.796,90","8.811,50","8.409,10","1,03B","-1,00%"
"04.08.2019","8.757,80","8.824,00","8.869,00","8.679,80","855,23M","-1,57%"
"28.07.2019","8.897,60","9.201,30","9.258,10","8.870,50","934,25M","-3,55%"
"21.07.2019","9.225,50","9.172,60","9.453,20","9.137,40","865,61M","0,60%"
"14.07.2019","9.170,50","9.313,20","9.393,90","9.152,90","713,34M","-1,32%"
"07.07.2019","9.293,20","9.303,30","9.340,20","9.218,30","668,74M","-0,45%"
"30.06.2019","9.335,00","9.290,30","9.417,80","9.217,50","758,68M","1,48%"
"23.06.2019","9.198,80","9.230,00","9.285,40","9.118,50","705,98M","-0,31%"
"16.06.2019","9.227,20","9.199,60","9.297,70","9.060,40","1,04B","0,36%"
"09.06.2019","9.194,20","9.284,20","9.332,50","9.169,30","633,34M","-0,45%"
"02.06.2019","9.236,10","8.945,70","9.261,40","8.903,10","875,34M","2,58%"
"26.05.2019","9.004,20","9.225,90","9.294,60","8.959,50","738,11M","-1,86%"
"19.05.2019","9.174,60","9.286,00","9.334,90","9.098,40","714,21M","-1,14%"
"12.05.2019","9.280,10","9.127,60","9.321,60","9.025,70","747,91M","1,78%"
"05.05.2019","9.117,50","9.259,00","9.404,60","9.079,80","821,38M","-3,10%"
"28.04.2019","9.409,60","9.435,30","9.570,60","9.388,70","665,53M","-1,01%"
"21.04.2019","9.506,00","9.586,00","9.588,20","9.421,30","618,21M","-0,79%"
"14.04.2019","9.581,90","9.488,10","9.581,90","9.460,50","655,86M","1,20%"
"07.04.2019","9.468,50","9.483,40","9.511,20","9.372,30","802,47M","-0,44%"
"31.03.2019","9.510,30","9.304,80","9.553,60","9.269,70","870,42M","2,92%"
"24.03.2019","9.240,30","9.159,40","9.323,50","9.127,30","911,98M","0,44%"
"17.03.2019","9.199,40","9.350,80","9.532,90","9.188,30","838,17M","-1,53%"
"10.03.2019","9.342,20","9.157,70","9.342,20","9.106,80","965,23M","2,33%"
"03.03.2019","9.129,30","9.309,30","9.366,70","9.110,50","844,95M","-1,49%"
"24.02.2019","9.267,70","9.244,20","9.361,40","9.141,00","861,34M","0,69%"
"17.02.2019","9.204,60","9.134,60","9.238,90","9.096,10","632,16M","0,89%"
"10.02.2019","9.123,20","8.905,10","9.134,80","8.893,10","804,12M","3,01%"
"03.02.2019","8.856,80","9.015,30","9.113,70","8.826,50","925,38M","-1,80%"
"27.01.2019","9.019,40","9.149,50","9.181,50","8.942,40","942,81M","-1,81%"
"20.01.2019","9.185,20","9.064,80","9.225,40","9.001,10","694,59M","1,28%"
"13.01.2019","9.069,10","8.819,20","9.080,80","8.751,20","795,31M","2,16%"
"06.01.2019","8.877,10","8.781,20","8.900,40","8.710,40","749,84M","1,59%"
"30.12.2018","8.737,80","8.510,80","8.774,30","8.354,80","499,64M","2,87%"
"23.12.2018","8.493,70","8.490,20","8.557,70","8.286,20","409,30M","-0,74%"
"16.12.2018","8.556,80","8.862,90","8.906,20","8.468,40","1,21B","-3,71%"
"09.12.2018","8.886,10","8.771,00","8.974,90","8.644,00","971,95M","0,80%"
"02.12.2018","8.815,50","9.239,80","9.262,10","8.743,70","847,82M","-2,88%"
"25.11.2018","9.077,20","8.984,00","9.199,60","8.984,00","848,65M","1,80%"
"18.11.2018","8.916,70","9.073,80","9.138,30","8.829,60","657,52M","-1,55%"
"11.11.2018","9.056,80","9.174,80","9.189,80","9.015,90","821,82M","-0,85%"
"04.11.2018","9.134,80","9.005,40","9.232,30","8.911,30","889,16M","1,58%"
"28.10.2018","8.993,00","8.775,70","9.073,50","8.752,90","1,02B","3,01%"
"21.10.2018","8.730,40","8.997,70","9.013,10","8.627,60","1,14B","-1,82%"
"14.10.2018","8.892,10","8.883,10","9.140,30","8.768,60","1,22B","-0,11%"
"07.10.2018","8.902,00","9.227,10","9.283,30","8.897,50","897,11M","-3,80%"
"30.09.2018","9.253,90","9.384,30","9.475,20","9.239,90","803,34M","-1,44%"
"23.09.2018","9.389,20","9.549,90","9.586,00","9.299,60","816,03M","-2,10%"
"16.09.2018","9.590,40","9.350,30","9.665,40","9.349,90","1,14B","2,40%"
"09.09.2018","9.365,30","9.173,00","9.387,10","9.161,00","688,84M","2,12%"
"02.09.2018","9.171,20","9.387,70","9.436,10","9.111,10","752,92M","-2,42%"
"26.08.2018","9.399,10","9.631,60","9.671,10","9.375,10","615,91M","-1,99%"
"19.08.2018","9.589,50","9.448,90","9.630,20","9.437,10","513,07M","1,83%"
"12.08.2018","9.417,30","9.543,80","9.596,30","9.339,50","784,47M","-1,92%"
"05.08.2018","9.602,10","9.758,40","9.813,60","9.557,40","657,32M","-1,41%"
"29.07.2018","9.739,80","9.827,90","9.924,40","9.666,60","823,35M","-1,30%"
"22.07.2018","9.867,90","9.699,70","9.896,00","9.661,40","842,38M","1,47%"
"15.07.2018","9.724,80","9.733,60","9.796,70","9.643,90","741,07M","-0,10%"
"08.07.2018","9.734,80","9.923,50","9.971,60","9.694,40","715,07M","-1,72%"
"01.07.2018","9.905,00","9.526,30","9.926,90","9.443,50","775,96M","2,93%"
"24.06.2018","9.622,70","9.711,40","9.741,30","9.506,60","837,63M","-1,73%"
"17.06.2018","9.792,10","9.818,00","9.876,80","9.598,50","800,24M","-0,60%"
"10.06.2018","9.851,00","9.835,00","9.985,90","9.798,90","1,09B","1,07%"
"03.06.2018","9.746,30","9.716,30","9.940,60","9.654,40","946,34M","1,18%"
"27.05.2018","9.632,40","9.891,40","9.921,40","9.400,30","1,40B","-1,98%"
"20.05.2018","9.826,50","10.155,20","10.156,40","9.722,80","867,85M","-2,83%"
"13.05.2018","10.112,40","10.277,20","10.291,40","10.088,40","876,88M","-1,55%"
"06.05.2018","10.271,40","10.114,20","10.284,50","10.091,90","638,06M","1,66%"
"29.04.2018","10.104,10","9.924,00","10.104,10","9.916,10","603,32M","1,80%"
"22.04.2018","9.925,40","9.898,60","9.947,30","9.793,00","738,38M","0,42%"
"15.04.2018","9.884,20","9.768,70","9.908,00","9.747,30","619,88M","1,20%"
"08.04.2018","9.767,30","9.735,10","9.858,90","9.706,10","612,55M","0,87%"
"01.04.2018","9.682,80","9.532,10","9.761,80","9.417,30","558,54M","0,86%"
"25.03.2018","9.600,40","9.418,10","9.657,50","9.343,30","628,14M","2,21%"
"18.03.2018","9.393,10","9.733,90","9.747,30","9.327,60","825,29M","-3,77%"
"11.03.2018","9.761,00","9.747,40","9.811,40","9.632,20","881,67M","0,77%"
"04.03.2018","9.686,10","9.500,00","9.704,90","9.494,50","684,00M","1,63%"
"25.02.2018","9.531,10","9.888,40","9.937,20","9.510,80","883,59M","-2,97%"
"18.02.2018","9.822,40","9.865,10","9.905,40","9.744,90","788,06M","-0,10%"
"11.02.2018","9.832,10","9.760,10","9.839,70","9.595,90","868,04M","2,00%"
"04.02.2018","9.639,60","10.138,40","10.173,80","9.581,10","1,23B","-5,60%"
"28.01.2018","10.211,20","10.605,50","10.605,70","10.205,30","922,38M","-3,63%"
"21.01.2018","10.595,40","10.503,60","10.643,40","10.488,30","800,24M","1,11%"
"14.01.2018","10.479,50","10.471,60","10.572,90","10.396,20","683,33M","0,16%"
"07.01.2018","10.462,40","10.439,80","10.492,20","10.385,60","842,05M","0,49%"
"31.12.2017","10.411,40","10.089,60","10.411,40","10.017,00","620,43M","3,66%"
"24.12.2017","10.043,90","10.167,20","10.213,20","10.028,70","311,50M","-1,36%"
"17.12.2017","10.182,00","10.197,90","10.322,60","10.138,30","716,15M","0,31%"
"10.12.2017","10.150,40","10.339,30","10.355,00","10.113,80","926,75M","-1,65%"
"03.12.2017","10.321,10","10.182,80","10.380,30","10.098,10","713,88M","2,34%"
"26.11.2017","10.085,00","10.027,40","10.323,10","10.014,40","902,10M","0,31%"
"19.11.2017","10.053,50","9.999,70","10.125,40","9.981,30","616,58M","0,43%"
"12.11.2017","10.010,40","10.124,00","10.173,50","9.889,40","809,41M","-0,82%"
"05.11.2017","10.092,70","10.358,10","10.376,20","10.075,80","793,88M","-2,56%"
"29.10.2017","10.357,80","10.321,20","10.594,20","10.293,00","1,05B","1,57%"
"22.10.2017","10.197,50","10.202,40","10.422,70","10.121,20","1,15B","-0,25%"
"15.10.2017","10.222,70","10.244,40","10.297,10","10.134,00","885,83M","-0,34%"
"08.10.2017","10.258,00","10.210,60","10.313,10","10.107,80","891,75M","0,71%"
"01.10.2017","10.185,50","10.262,30","10.327,20","9.922,30","1,30B","-1,89%"
"24.09.2017","10.381,50","10.270,00","10.406,50","10.166,70","861,75M","0,74%"
"17.09.2017","10.305,00","10.358,00","10.410,20","10.248,40","690,26M","-0,12%"
"10.09.2017","10.317,40","10.199,90","10.395,10","10.197,80","903,82M","1,85%"
"03.09.2017","10.129,60","10.234,10","10.287,60","10.087,60","673,84M","-1,90%"
"27.08.2017","10.325,50","10.313,70","10.366,50","10.134,30","577,92M","-0,19%"
"20.08.2017","10.345,30","10.360,00","10.445,00","10.309,80","433,99M","-0,39%"
"13.08.2017","10.385,70","10.329,40","10.575,90","10.284,80","541,98M","1,00%"
"06.08.2017","10.282,90","10.682,80","10.758,20","10.252,40","666,61M","-3,52%"
"30.07.2017","10.658,40","10.536,60","10.696,10","10.416,90","734,32M","1,16%"
"23.07.2017","10.536,10","10.432,00","10.652,90","10.368,10","907,76M","1,05%"
"16.07.2017","10.426,60","10.665,50","10.684,60","10.381,20","1,05B","-2,14%"
"09.07.2017","10.655,10","10.525,40","10.704,30","10.438,80","871,49M","1,59%"
"02.07.2017","10.488,80","10.507,60","10.615,10","10.402,00","879,72M","0,42%"
"25.06.2017","10.444,50","10.666,10","10.772,00","10.433,20","977,66M","-1,75%"
"18.06.2017","10.630,80","10.839,80","10.901,50","10.596,30","695,49M","-1,20%"
"11.06.2017","10.759,40","10.929,70","10.937,00","10.598,00","1,11B","-1,99%"
"04.06.2017","10.978,30","10.889,60","11.048,00","10.761,70","1,46B","0,66%"
"28.05.2017","10.905,90","10.864,00","11.007,70","10.788,70","1,93B","0,02%"
"21.05.2017","10.904,20","10.843,50","10.983,90","10.756,50","1,03B","0,63%"
"14.05.2017","10.835,40","10.941,10","10.991,20","10.564,30","1,50B","-0,57%"
"07.05.2017","10.897,00","11.177,30","11.184,40","10.823,90","1,60B","-2,14%"
"30.04.2017","11.135,40","10.737,70","11.135,40","10.719,40","1,09B","3,92%"
"23.04.2017","10.715,80","10.714,20","10.828,80","10.622,80","1,65B","3,26%"
"16.04.2017","10.377,00","10.365,60","10.473,90","10.216,90","1,23B","0,49%"
"09.04.2017","10.326,10","10.507,90","10.509,00","10.264,60","1,08B","-1,93%"
"02.04.2017","10.529,00","10.457,70","10.534,50","10.270,30","1,30B","0,63%"
"26.03.2017","10.462,90","10.218,50","10.462,90","10.191,10","1,13B","1,49%"
"19.03.2017","10.309,40","10.216,70","10.334,70","10.092,80","1,22B","0,62%"
"12.03.2017","10.245,80","10.020,00","10.250,20","9.886,90","1,56B","2,39%"
"05.03.2017","10.006,40","9.772,30","10.091,40","9.753,90","1,44B","2,12%"
"26.02.2017","9.798,50","9.494,00","9.799,60","9.427,70","1,41B","3,65%"
"19.02.2017","9.453,50","9.564,40","9.606,10","9.383,10","1,23B","-0,49%"
"12.02.2017","9.500,30","9.421,90","9.614,60","9.387,70","1,07B","1,30%"
"05.02.2017","9.378,10","9.459,40","9.498,30","9.236,60","1,39B","-0,89%"
"29.01.2017","9.462,70","9.460,60","9.482,60","9.301,50","1,49B","-0,44%"
"22.01.2017","9.504,10","9.337,80","9.623,50","9.279,00","1,32B","1,32%"
"15.01.2017","9.380,10","9.457,20","9.465,20","9.327,40","1,16B","-1,38%"
"08.01.2017","9.511,60","9.536,90","9.536,90","9.343,00","1,19B","-0,05%"
"01.01.2017","9.515,90","9.332,60","9.552,10","9.318,10","993,13M","1,75%"
"25.12.2016","9.352,10","9.354,80","9.390,90","9.269,50","558,67M","-0,17%"
"18.12.2016","9.367,70","9.376,80","9.421,50","9.297,50","1,20B","-0,48%"
"11.12.2016","9.412,80","9.171,70","9.452,90","9.132,60","1,86B","2,65%"
"04.12.2016","9.169,60","8.533,90","9.179,60","8.512,40","1,76B","6,54%"
"27.11.2016","8.607,10","8.651,80","8.714,90","8.576,00","1,45B","-0,78%"
"20.11.2016","8.674,40","8.659,90","8.684,70","8.558,50","1,09B","0,60%"
"13.11.2016","8.622,90","8.733,00","8.765,20","8.563,60","1,47B","-0,19%"
"06.11.2016","8.639,20","8.949,40","9.053,90","8.570,40","1,97B","-1,73%"
"30.10.2016","8.791,60","9.144,90","9.214,10","8.755,10","1,25B","-4,45%"
"23.10.2016","9.201,30","9.156,40","9.255,30","9.086,00","1,55B","1,11%"
"16.10.2016","9.100,40","8.721,00","9.100,40","8.714,50","1,29B","3,79%"
"09.10.2016","8.767,90","8.631,30","8.800,80","8.551,20","1,11B","1,67%"
"02.10.2016","8.624,30","8.759,00","8.846,40","8.596,00","1,17B","-1,77%"
"25.09.2016","8.779,40","8.765,40","8.864,80","8.543,10","1,41B","-0,50%"
"18.09.2016","8.823,60","8.723,50","8.966,10","8.649,50","1,20B","2,20%"
"11.09.2016","8.633,40","8.877,10","8.924,00","8.603,30","1,31B","-4,34%"
"04.09.2016","9.025,50","8.928,40","9.135,80","8.893,90","1,03B","1,31%"
"28.08.2016","8.908,90","8.611,20","8.912,60","8.573,70","1,08B","2,88%"
"21.08.2016","8.659,50","8.431,30","8.673,90","8.407,60","752,49M","2,47%"
"14.08.2016","8.450,60","8.711,00","8.753,60","8.393,50","718,90M","-3,05%"
"07.08.2016","8.716,40","8.573,50","8.747,60","8.531,80","792,04M","2,07%"
"31.07.2016","8.539,40","8.667,50","8.679,10","8.229,40","1,24B","-0,56%"
"24.07.2016","8.587,20","8.605,70","8.720,20","8.479,20","1,19B","-0,15%"
"17.07.2016","8.599,90","8.552,90","8.620,90","8.439,30","1,23B","0,81%"
"10.07.2016","8.531,00","8.265,80","8.593,80","8.168,70","1,54B","4,22%"
"03.07.2016","8.185,90","8.302,90","8.328,10","7.857,80","1,51B","-1,00%"
"26.06.2016","8.268,90","8.001,50","8.304,40","7.579,80","2,40B","6,18%"
"19.06.2016","7.787,70","8.592,70","8.912,00","7.743,40","2,21B","-6,87%"
"12.06.2016","8.362,00","8.388,20","8.425,20","8.107,00","1,76B","-1,51%"
"05.06.2016","8.490,50","8.810,10","8.945,90","8.486,80","1,35B","-3,53%"
"29.05.2016","8.801,60","9.110,90","9.155,50","8.756,80","1,28B","-3,36%"
"22.05.2016","9.107,30","8.776,20","9.149,30","8.670,90","1,34B","3,83%"
"15.05.2016","8.771,20","8.626,40","8.829,50","8.579,80","961,45M","0,57%"
"08.05.2016","8.721,50","8.776,10","8.839,70","8.582,20","1,15B","0,22%"
"01.05.2016","8.702,10","9.066,90","9.092,60","8.563,90","1,23B","-3,59%"
"24.04.2016","9.025,70","9.225,40","9.360,20","9.025,70","1,52B","-2,24%"
"17.04.2016","9.232,80","8.703,40","9.244,40","8.674,10","1,47B","4,31%"
"10.04.2016","8.850,90","8.413,40","8.886,60","8.344,40","1,63B","5,02%"
"03.04.2016","8.427,60","8.589,30","8.712,90","8.256,10","1,38B","-2,03%"
"27.03.2016","8.602,30","8.843,20","8.960,70","8.531,80","1,10B","-2,13%"
"20.03.2016","8.789,80","9.006,10","9.138,90","8.781,70","795,02M","-2,89%"
"13.03.2016","9.051,10","9.156,10","9.217,30","8.782,80","1,77B","-0,43%"
"06.03.2016","9.090,60","8.785,70","9.105,80","8.663,20","1,91B","3,17%"
"28.02.2016","8.811,60","8.291,90","8.877,90","8.222,60","1,57B","5,54%"
"21.02.2016","8.349,20","8.290,30","8.447,80","7.968,10","1,40B","1,89%"
"14.02.2016","8.194,20","8.133,00","8.479,60","8.081,40","1,56B","3,45%"
"07.02.2016","7.920,80","8.537,90","8.540,90","7.746,30","2,07B","-6,81%"
"31.01.2016","8.499,50","8.849,30","8.896,50","8.180,40","1,93B","-3,59%"
"24.01.2016","8.815,80","8.763,20","8.815,80","8.402,30","1,67B","1,07%"
"17.01.2016","8.722,90","8.525,50","8.795,70","8.206,00","1,68B","2,10%"
"10.01.2016","8.543,60","8.849,90","9.074,00","8.491,90","1,69B","-4,10%"
"03.01.2016","8.909,20","9.429,80","9.446,20","8.889,70","1,48B","-6,65%"
"27.12.2015","9.544,20","9.675,60","9.724,90","9.533,00","506,88M","-1,43%"
"20.12.2015","9.682,90","9.520,50","9.706,20","9.351,80","883,50M","-0,35%"
"13.12.2015","9.717,10","9.658,00","10.000,40","9.428,50","1,65B","0,90%"
"06.12.2015","9.630,70","10.139,00","10.158,20","9.606,80","1,21B","-4,45%"
"29.11.2015","10.078,70","10.299,00","10.476,60","9.931,10","1,35B","-2,25%"
"22.11.2015","10.310,70","10.262,30","10.390,70","10.045,60","1,29B","0,20%"
"15.11.2015","10.290,30","10.012,40","10.408,40","10.005,20","1,18B","1,77%"
"08.11.2015","10.111,40","10.451,60","10.476,90","10.012,30","1,18B","-3,27%"
"01.11.2015","10.453,20","10.279,30","10.631,60","10.259,10","1,41B","0,89%"
"25.10.2015","10.360,70","10.473,90","10.517,60","10.258,70","1,26B","-1,10%"
"18.10.2015","10.476,30","10.221,50","10.591,90","10.004,00","1,23B","2,39%"
"11.10.2015","10.231,50","10.318,80","10.379,00","9.992,40","1,22B","-0,76%"
"04.10.2015","10.309,60","9.777,30","10.354,10","9.731,50","1,65B","7,35%"
"27.09.2015","9.603,60","9.500,90","9.718,00","9.264,40","1,42B","0,88%"
"20.09.2015","9.519,50","9.826,10","9.952,00","9.231,30","1,67B","-3,33%"
"13.09.2015","9.847,20","9.764,80","10.141,80","9.620,70","1,68B","1,12%"
"06.09.2015","9.737,90","9.893,50","10.193,00","9.722,70","1,18B","-0,85%"
"30.08.2015","9.821,80","10.297,20","10.319,10","9.737,90","1,39B","-5,13%"
"23.08.2015","10.352,90","9.973,70","10.357,30","9.502,40","1,97B","0,79%"
"16.08.2015","10.271,70","10.983,10","11.023,30","10.270,20","1,23B","-5,58%"
"09.08.2015","10.879,30","11.239,50","11.330,00","10.840,30","1,15B","-2,67%"
"02.08.2015","11.178,20","11.180,60","11.327,00","11.098,50","1,36B","-0,02%"
"26.07.2015","11.180,70","11.252,70","11.362,40","11.039,50","1,35B","-1,14%"
"19.07.2015","11.309,30","11.506,90","11.612,60","11.300,90","1,23B","-1,49%"
"12.07.2015","11.480,70","11.178,20","11.551,00","11.121,80","1,33B","4,03%"
"05.07.2015","11.036,10","10.571,80","11.069,80","10.316,40","1,66B","2,38%"
"28.06.2015","10.779,80","11.148,40","11.202,60","10.723,20","1,55B","-5,21%"
"21.06.2015","11.372,30","11.184,50","11.497,10","11.168,90","1,41B","3,91%"
"14.06.2015","10.944,30","10.893,60","11.029,10","10.654,30","1,32B","-0,78%"
"07.06.2015","11.030,50","11.022,80","11.231,30","10.750,00","1,20B","-0,28%"
"31.05.2015","11.062,00","11.264,80","11.369,10","10.984,10","1,12B","-1,39%"
"24.05.2015","11.217,60","11.421,20","11.467,80","11.169,40","1,23B","-2,91%"
"17.05.2015","11.554,20","11.336,80","11.609,90","11.203,10","1,06B","2,09%"
"10.05.2015","11.317,30","11.433,70","11.481,60","11.203,90","1,18B","-0,94%"
"03.05.2015","11.424,70","11.377,10","11.503,90","10.928,20","1,45B","0,35%"
"26.04.2015","11.385,00","11.532,00","11.684,60","11.258,00","1,29B","-1,05%"
"19.04.2015","11.505,40","11.400,20","11.605,50","11.276,30","1,44B","1,29%"
"12.04.2015","11.359,40","11.761,70","11.884,60","11.299,90","1,65B","-3,32%"
"05.04.2015","11.749,30","11.715,60","11.778,00","11.615,80","1,30B","0,99%"
"29.03.2015","11.634,00","11.459,80","11.662,80","11.432,30","1,15B","1,81%"
"22.03.2015","11.427,40","11.394,00","11.618,30","11.294,70","1,53B","0,07%"
"15.03.2015","11.419,60","11.082,40","11.458,30","10.953,70","1,73B","3,50%"
"08.03.2015","11.033,80","11.007,90","11.081,20","10.858,40","1,48B","-0,52%"
"01.03.2015","11.091,90","11.190,50","11.239,80","10.921,40","1,35B","-0,77%"
"22.02.2015","11.178,30","11.001,30","11.184,50","10.935,10","1,51B","2,75%"
"15.02.2015","10.879,30","10.717,80","10.918,40","10.526,60","1,48B","1,30%"
"08.02.2015","10.739,50","10.467,80","10.794,90","10.289,70","1,56B","1,57%"
"01.02.2015","10.573,10","10.396,60","10.688,00","10.136,40","1,86B","1,63%"
"25.01.2015","10.403,30","10.502,60","10.716,90","10.320,80","1,75B","-1,68%"
"18.01.2015","10.581,50","10.091,30","10.693,00","10.036,70","2,07B","5,40%"
"11.01.2015","10.038,90","9.805,50","10.060,20","9.646,40","2,11B","3,29%"
"04.01.2015","9.719,00","10.267,20","10.390,80","9.610,10","1,98B","-6,10%"
"28.12.2014","10.350,80","10.427,80","10.446,30","10.216,20","688,67M","-1,25%"
"21.12.2014","10.481,80","10.387,50","10.495,90","10.294,90","393,04M","1,14%"
"14.12.2014","10.363,60","10.149,60","10.500,10","9.661,00","2,15B","2,15%"
"07.12.2014","10.145,00","10.864,60","10.919,30","10.127,50","1,40B","-6,93%"
"30.11.2014","10.900,70","10.700,60","10.928,30","10.587,00","1,48B","1,21%"
"23.11.2014","10.770,70","10.558,70","10.792,30","10.528,80","1,46B","2,38%"
"16.11.2014","10.520,80","10.061,10","10.542,50","10.040,90","1,81B","3,67%"
"09.11.2014","10.148,00","10.103,90","10.418,40","10.044,20","1,45B","0,21%"
"02.11.2014","10.126,30","10.454,30","10.508,80","10.017,50","1,63B","-3,35%"
"26.10.2014","10.477,80","10.469,40","10.513,30","9.994,80","1,73B","1,34%"
"19.10.2014","10.339,30","9.898,90","10.369,00","9.802,80","1,63B","3,84%"
"12.10.2014","9.956,80","10.072,40","10.274,80","9.370,50","2,21B","-1,91%"
"05.10.2014","10.150,50","10.657,60","10.728,80","10.102,40","1,46B","-3,95%"
"28.09.2014","10.567,60","10.828,20","10.889,30","10.418,10","1,44B","-2,62%"
"21.09.2014","10.851,40","10.961,90","11.026,50","10.679,20","1,20B","-1,37%"
"14.09.2014","11.001,90","10.849,80","11.191,80","10.737,30","1,30B","1,04%"
"07.09.2014","10.888,90","11.158,40","11.163,00","10.821,30","985,82M","-2,33%"
"31.08.2014","11.148,90","10.749,20","11.182,00","10.693,90","1,16B","3,92%"
"24.08.2014","10.728,80","10.607,10","10.883,80","10.563,60","924,98M","2,18%"
"17.08.2014","10.500,20","10.350,40","10.588,70","10.284,10","729,23M","2,72%"
"10.08.2014","10.222,20","10.226,60","10.417,70","10.148,60","900,45M","1,16%"
"03.08.2014","10.104,80","10.585,80","10.589,40","9.946,90","1,37B","-3,89%"
"27.07.2014","10.514,00","10.940,50","11.016,10","10.478,30","1,24B","-3,44%"
"20.07.2014","10.888,10","10.521,70","10.941,90","10.447,60","1,21B","3,43%"
"13.07.2014","10.527,00","10.602,50","10.680,20","10.425,30","1,07B","-0,11%"
"06.07.2014","10.538,80","10.986,00","11.005,20","10.423,60","1,39B","-4,27%"
"29.06.2014","11.009,40","10.975,60","11.100,20","10.850,60","1,06B","0,45%"
"22.06.2014","10.959,90","11.163,40","11.185,10","10.890,20","1,11B","-1,75%"
"15.06.2014","11.155,10","11.055,00","11.249,40","10.971,70","1,22B","0,37%"
"08.06.2014","11.113,70","11.089,80","11.188,20","11.010,00","1,11B","0,45%"
"01.06.2014","11.064,30","10.819,00","11.085,10","10.667,20","1,32B","2,46%"
"25.05.2014","10.798,70","10.593,80","10.803,40","10.576,30","1,09B","2,27%"
"18.05.2014","10.558,90","10.469,70","10.576,50","10.307,30","1,06B","0,77%"
"11.05.2014","10.478,70","10.512,40","10.665,10","10.282,40","1,49B","-0,08%"
"04.05.2014","10.487,20","10.460,20","10.597,90","10.342,50","1,32B","0,12%"
"27.04.2014","10.474,50","10.351,30","10.541,00","10.247,90","950,94M","1,63%"
"20.04.2014","10.306,20","10.339,10","10.531,10","10.279,70","925,42M","0,13%"
"13.04.2014","10.292,40","10.097,70","10.316,20","9.984,30","1,02B","0,85%"
"06.04.2014","10.205,40","10.594,10","10.678,20","10.091,10","1,50B","-4,42%"
"30.03.2014","10.677,20","10.349,60","10.705,10","10.325,90","1,52B","3,37%"
"23.03.2014","10.328,90","10.061,70","10.341,90","9.868,70","1,35B","2,74%"
"16.03.2014","10.053,10","9.822,90","10.157,50","9.811,20","1,42B","2,46%"
"09.03.2014","9.812,00","10.151,40","10.292,00","9.703,10","1,51B","-3,47%"
"02.03.2014","10.164,20","9.951,60","10.358,90","9.855,10","1,63B","0,49%"
"23.02.2014","10.114,20","10.060,20","10.269,00","9.996,10","1,39B","0,43%"
"16.02.2014","10.071,00","10.155,10","10.181,90","9.918,50","1,26B","-0,61%"
"09.02.2014","10.132,80","10.114,20","10.184,70","9.943,80","1,48B","0,60%"
"02.02.2014","10.072,40","9.911,50","10.086,70","9.654,80","1,58B","1,53%"
"26.01.2014","9.920,20","9.877,00","10.054,10","9.716,50","1,70B","0,52%"
"19.01.2014","9.868,90","10.440,00","10.510,50","9.835,50","1,58B","-5,70%"
"12.01.2014","10.465,70","10.336,30","10.552,70","10.223,10","1,69B","1,70%"
"05.01.2014","10.290,60","9.768,40","10.383,00","9.766,40","1,86B","5,03%"
"29.12.2013","9.798,00","9.919,50","9.952,00","9.722,50","781,42M","-1,03%"
"22.12.2013","9.900,10","9.696,10","9.900,10","9.650,50","451,85M","2,17%"
"15.12.2013","9.689,90","9.270,30","9.721,90","9.264,70","1,22B","4,50%"
"08.12.2013","9.272,70","9.414,40","9.556,10","9.242,90","928,09M","-1,36%"
"01.12.2013","9.400,50","9.838,20","9.852,70","9.232,10","1,12B","-4,44%"
"24.11.2013","9.837,60","9.724,50","9.923,30","9.656,50","943,73M","1,66%"
"17.11.2013","9.677,40","9.679,60","9.853,60","9.467,00","955,71M","-0,19%"
"10.11.2013","9.695,90","9.757,20","9.824,10","9.610,40","999,44M","-0,53%"
"03.11.2013","9.747,20","9.873,90","10.025,90","9.613,60","1,19B","-0,93%"
"27.10.2013","9.838,30","9.840,00","9.980,20","9.665,60","1,13B","0,23%"
"20.10.2013","9.815,50","10.019,60","10.063,90","9.772,30","1,20B","-1,86%"
"13.10.2013","10.001,80","9.631,70","10.002,60","9.615,30","1,15B","3,45%"
"06.10.2013","9.668,50","9.380,40","9.707,30","9.295,60","1,13B","2,63%"
"29.09.2013","9.420,90","9.073,20","9.432,70","9.036,90","1,00B","2,09%"
"22.09.2013","9.228,40","9.163,80","9.299,10","9.057,50","1,05B","0,62%"
"15.09.2013","9.171,80","9.017,50","9.198,70","8.911,70","1,20B","2,57%"
"08.09.2013","8.941,60","8.628,90","8.951,60","8.568,70","1,13B","3,31%"
"01.09.2013","8.655,00","8.370,20","8.678,80","8.331,10","890,63M","4,40%"
"25.08.2013","8.290,50","8.669,60","8.717,00","8.275,90","796,39M","-4,56%"
"18.08.2013","8.686,80","8.807,80","8.818,80","8.422,60","806,12M","-1,52%"
"11.08.2013","8.821,30","8.733,50","8.828,10","8.633,90","782,42M","0,98%"
"04.08.2013","8.735,50","8.585,10","8.765,70","8.448,00","838,71M","1,88%"
"28.07.2013","8.574,00","8.374,60","8.578,30","8.349,10","899,02M","2,64%"
"21.07.2013","8.353,60","7.954,90","8.395,90","7.917,10","1,06B","5,17%"
"14.07.2013","7.943,20","7.832,40","7.978,90","7.702,70","871,06M","1,26%"
"07.07.2013","7.844,70","7.922,00","8.111,50","7.800,80","982,17M","-0,30%"
"30.06.2013","7.868,40","7.817,00","8.035,70","7.612,80","1,20B","1,36%"
"23.06.2013","7.762,70","7.682,10","7.936,90","7.508,40","1,29B","0,81%"
"16.06.2013","7.700,20","8.132,70","8.211,00","7.700,10","1,39B","-4,59%"
"09.06.2013","8.070,90","8.270,80","8.321,70","7.958,60","1,48B","-2,37%"
"02.06.2013","8.266,60","8.266,60","8.430,00","8.165,10","1,27B","-0,65%"
"26.05.2013","8.320,60","8.301,40","8.583,60","8.297,80","1,22B","0,68%"
"19.05.2013","8.264,60","8.585,40","8.613,80","8.216,50","1,13B","-3,70%"
"12.05.2013","8.582,40","8.554,20","8.595,60","8.366,70","1,26B","0,44%"
"05.05.2013","8.544,50","8.551,20","8.669,20","8.472,60","1,14B","0,00%"
"28.04.2013","8.544,80","8.324,70","8.566,10","8.286,60","1,12B","2,99%"
"21.04.2013","8.297,00","7.983,80","8.412,40","7.927,60","1,39B","4,82%"
"14.04.2013","7.915,50","8.051,70","8.093,70","7.743,60","1,29B","-1,55%"
"07.04.2013","8.040,40","7.809,80","8.179,00","7.774,40","1,30B","3,10%"
"31.03.2013","7.798,40","7.917,60","8.059,00","7.716,10","1,12B","-1,54%"
"24.03.2013","7.920,00","8.434,60","8.461,90","7.797,20","1,48B","-4,92%"
"17.03.2013","8.329,50","8.383,20","8.532,40","8.250,50","1,39B","-3,36%"
"10.03.2013","8.619,10","8.605,00","8.670,40","8.434,90","1,27B","-0,10%"
"03.03.2013","8.628,10","8.135,10","8.638,30","8.129,20","1,18B","5,39%"
"24.02.2013","8.187,10","8.232,70","8.400,10","7.911,10","1,71B","0,10%"
"17.02.2013","8.179,00","8.110,90","8.274,40","7.982,00","1,08B","0,35%"
"10.02.2013","8.150,20","8.181,50","8.343,40","8.045,10","1,20B","-0,30%"
"03.02.2013","8.174,90","8.225,00","8.227,70","7.895,50","1,56B","-0,67%"
"27.01.2013","8.229,70","8.755,90","8.755,90","8.159,50","1,44B","-5,67%"
"20.01.2013","8.724,60","8.628,30","8.734,10","8.576,40","1,03B","1,40%"
"13.01.2013","8.604,00","8.699,20","8.721,10","8.520,60","1,35B","-0,70%"
"06.01.2013","8.664,70","8.434,30","8.677,40","8.374,70","1,82B","2,71%"
"30.12.2012","8.435,80","8.111,90","8.447,60","8.041,70","798,41M","3,75%"
"23.12.2012","8.131,00","8.261,60","8.345,40","8.103,90","539,67M","-1,93%"
"16.12.2012","8.291,00","8.017,80","8.322,00","7.975,00","1,97B","3,33%"
"09.12.2012","8.024,10","7.796,10","8.045,30","7.670,80","1,11B","2,24%"
"02.12.2012","7.848,50","7.963,40","8.027,80","7.813,10","1,13B","-1,09%"
"25.11.2012","7.934,60","7.882,80","7.989,60","7.753,70","1,17B","0,32%"
"18.11.2012","7.909,60","7.661,80","7.915,60","7.601,70","712,66M","4,24%"
"11.11.2012","7.588,20","7.632,10","7.756,50","7.490,60","849,99M","-0,63%"
"04.11.2012","7.636,60","7.891,60","7.918,60","7.496,00","704,55M","-4,17%"
"28.10.2012","7.968,90","7.749,40","7.995,90","7.684,50","590,62M","2,49%"
"21.10.2012","7.775,60","7.911,20","7.955,70","7.653,20","725,90M","-1,74%"
"14.10.2012","7.913,40","7.653,90","8.156,60","7.624,70","996,78M","3,41%"
"07.10.2012","7.652,40","7.910,50","7.913,10","7.565,50","721,15M","-3,80%"
"30.09.2012","7.954,40","7.712,80","7.972,80","7.703,00","753,21M","3,19%"
"23.09.2012","7.708,50","8.165,90","8.197,90","7.678,70","806,50M","-6,34%"
"16.09.2012","8.230,70","8.087,60","8.230,70","7.949,10","1,02B","0,93%"
"09.09.2012","8.154,50","7.839,40","8.231,00","7.730,00","1,02B","3,45%"
"02.09.2012","7.882,80","7.398,50","8.027,00","7.351,20","1,05B","6,23%"
"26.08.2012","7.420,50","7.293,80","7.424,70","7.161,40","775,72M","1,51%"
"19.08.2012","7.310,30","7.557,00","7.645,00","7.176,90","742,55M","-3,32%"
"12.08.2012","7.561,00","7.036,80","7.612,10","6.991,90","797,48M","7,28%"
"05.08.2012","7.047,70","6.751,80","7.235,80","6.738,40","1,02B","4,32%"
"29.07.2012","6.755,70","6.625,70","6.913,70","6.296,10","1,24B","2,09%"
"22.07.2012","6.617,60","6.157,00","6.617,60","5.905,30","1,45B","5,94%"
"15.07.2012","6.246,30","6.631,30","6.682,50","6.232,60","1,30B","-6,28%"
"08.07.2012","6.664,60","6.738,20","6.829,70","6.563,30","1,14B","-1,10%"
"01.07.2012","6.738,90","7.082,40","7.219,50","6.726,70","1,26B","-5,12%"
"24.06.2012","7.102,20","6.844,60","7.102,20","6.512,30","1,35B","3,29%"
"17.06.2012","6.876,30","6.855,80","6.960,00","6.479,40","1,23B","2,34%"
"10.06.2012","6.719,00","6.897,60","6.940,30","6.439,30","1,56B","2,55%"
"03.06.2012","6.552,00","5.998,90","6.578,50","5.987,80","1,20B","8,03%"
"27.05.2012","6.065,00","6.585,20","6.620,60","5.994,10","1,59B","-7,31%"
"20.05.2012","6.543,00","6.571,50","6.683,00","6.357,10","1,09B","-0,36%"
"13.05.2012","6.566,70","6.896,60","6.907,00","6.380,20","1,45B","-6,13%"
"06.05.2012","6.995,60","6.766,20","7.175,70","6.732,60","1,50B","1,74%"
"29.04.2012","6.876,00","7.182,50","7.208,30","6.776,50","900,48M","-3,78%"
"22.04.2012","7.145,80","6.986,70","7.202,90","6.811,20","1,46B","1,49%"
"15.04.2012","7.040,60","7.232,00","7.373,30","6.858,30","1,71B","-2,90%"
"08.04.2012","7.250,60","7.582,50","7.633,50","7.218,40","1,23B","-5,35%"
"01.04.2012","7.660,50","8.024,70","8.072,60","7.545,10","1,01B","-4,34%"
"25.03.2012","8.008,00","8.310,80","8.345,70","7.866,40","1,24B","-3,31%"
"18.03.2012","8.281,80","8.478,30","8.625,50","8.192,60","1,12B","-2,41%"
"11.03.2012","8.486,30","8.276,70","8.499,70","8.159,50","1,42B","2,46%"
"04.03.2012","8.282,70","8.514,20","8.540,60","8.081,60","1,23B","-3,28%"
"26.02.2012","8.563,40","8.483,30","8.628,40","8.401,90","952,80M","0,42%"
"19.02.2012","8.527,70","8.726,60","8.864,40","8.456,40","975,73M","-1,49%"
"12.02.2012","8.657,00","8.856,10","8.883,30","8.476,80","1,01B","-1,59%"
"05.02.2012","8.797,10","8.833,80","8.967,40","8.725,80","925,01M","-0,72%"
"29.01.2012","8.861,20","8.588,40","8.861,20","8.489,40","1,10B","2,36%"
"22.01.2012","8.657,30","8.552,70","8.746,60","8.463,00","1,04B","1,11%"
"15.01.2012","8.561,90","8.368,40","8.612,40","8.354,60","1,17B","1,32%"
"08.01.2012","8.450,60","8.314,50","8.575,90","8.250,10","1,12B","1,95%"
"01.01.2012","8.289,10","8.558,00","8.743,30","8.233,80","879,62M","-3,24%"
"25.12.2011","8.566,30","8.536,50","8.585,80","8.307,20","354,44M","0,28%"
"18.12.2011","8.542,70","8.131,40","8.606,50","8.120,90","733,60M","4,14%"
"11.12.2011","8.203,40","8.600,10","8.609,40","8.153,10","1,12B","-5,16%"
"04.12.2011","8.649,70","8.638,20","8.844,20","8.382,10","1,03B","1,06%"
"27.11.2011","8.558,60","7.881,80","8.624,50","7.858,10","1,12B","10,24%"
"20.11.2011","7.763,50","8.291,30","8.303,20","7.601,20","877,62M","-6,58%"
"13.11.2011","8.310,10","8.615,80","8.616,90","8.191,70","964,93M","-2,88%"
"06.11.2011","8.556,10","8.436,90","8.652,10","8.211,30","983,51M","-0,47%"
"30.10.2011","8.596,40","9.127,40","9.178,20","8.407,20","1,15B","-6,81%"
"23.10.2011","9.224,40","8.924,90","9.351,00","8.787,70","1,08B","4,20%"
"16.10.2011","8.853,00","9.032,50","9.087,80","8.573,90","995,08M","-1,36%"
"09.10.2011","8.975,50","8.848,00","9.073,20","8.730,50","1,02B","2,01%"
"02.10.2011","8.798,40","8.346,60","8.849,90","8.065,10","1,18B","2,95%"
"25.09.2011","8.546,60","7.846,40","8.653,90","7.842,70","1,17B","6,87%"
"18.09.2011","7.996,90","8.177,70","8.379,40","7.639,60","1,07B","-4,67%"
"11.09.2011","8.388,40","7.762,70","8.445,10","7.505,30","1,51B","6,05%"
"04.09.2011","7.910,20","8.302,20","8.347,20","7.866,30","1,02B","-6,54%"
"28.08.2011","8.463,50","8.318,80","8.801,70","8.261,90","784,55M","3,40%"
"21.08.2011","8.185,50","8.090,70","8.480,10","8.031,10","790,35M","0,54%"
"14.08.2011","8.141,90","8.727,50","8.795,30","8.015,00","1,06B","-5,84%"
"07.08.2011","8.647,30","8.727,60","9.030,80","7.767,30","2,17B","-0,28%"
"31.07.2011","8.671,20","9.713,00","9.752,30","8.462,70","1,84B","-9,96%"
"24.07.2011","9.630,70","10.005,20","10.009,60","9.499,80","1,15B","-4,26%"
"17.07.2011","10.059,30","9.443,80","10.221,50","9.332,20","1,49B","6,06%"
"10.07.2011","9.484,20","9.867,40","9.870,30","9.276,10","1,57B","-4,57%"
"03.07.2011","9.938,20","10.524,20","10.524,20","9.920,40","1,11B","-5,28%"
"26.06.2011","10.492,00","9.791,10","10.536,80","9.758,50","1,12B","6,92%"
"19.06.2011","9.812,70","10.029,80","10.264,40","9.767,80","1,11B","-3,18%"
"12.06.2011","10.135,20","9.958,20","10.166,30","9.803,80","1,28B","1,85%"
"05.06.2011","9.950,80","10.278,70","10.280,10","9.910,80","809,90M","-3,26%"
"29.05.2011","10.285,70","10.239,20","10.549,00","10.133,00","881,67M","0,24%"
"22.05.2011","10.261,20","10.110,50","10.365,80","10.030,60","1,01B","0,34%"
"15.05.2011","10.226,60","10.280,20","10.449,90","10.190,90","996,48M","-1,25%"
"08.05.2011","10.356,50","10.546,90","10.590,30","10.321,80","1,02B","-2,39%"
"01.05.2011","10.610,50","10.917,40","10.928,20","10.481,60","995,76M","-2,47%"
"24.04.2011","10.878,90","10.574,90","10.911,30","10.546,90","686,63M","2,79%"
"17.04.2011","10.584,10","10.574,80","10.634,10","10.289,10","975,69M","0,24%"
"10.04.2011","10.558,60","10.896,20","10.958,20","10.484,70","1,18B","-3,25%"
"03.04.2011","10.913,20","10.710,20","10.950,10","10.624,60","1,10B","1,71%"
"27.03.2011","10.729,90","10.721,70","10.830,40","10.570,90","1,01B","0,18%"
"20.03.2011","10.710,40","10.473,70","10.801,10","10.418,90","1,16B","3,70%"
"13.03.2011","10.328,40","10.386,20","10.637,70","10.076,50","1,97B","-0,67%"
"06.03.2011","10.398,40","10.478,10","10.623,90","10.313,60","1,37B","-0,96%"
"27.02.2011","10.498,70","10.829,90","10.939,70","10.463,80","1,19B","-2,99%"
"20.02.2011","10.822,70","11.049,30","11.050,30","10.543,30","1,14B","-2,22%"
"13.02.2011","11.068,10","10.847,60","11.165,00","10.719,20","1,26B","2,45%"
"06.02.2011","10.803,60","10.854,30","11.053,90","10.656,40","1,13B","-0,47%"
"30.01.2011","10.854,70","10.738,20","11.044,30","10.603,40","1,39B","1,00%"
"23.01.2011","10.747,00","10.852,20","10.961,10","10.579,90","1,40B","-0,76%"
"16.01.2011","10.829,10","10.328,30","10.937,60","10.245,50","1,63B","4,28%"
"09.01.2011","10.385,10","9.488,30","10.423,00","9.387,90","1,74B","8,62%"
"02.01.2011","9.560,70","9.899,40","9.993,60","9.497,80","1,02B","-3,03%"
"26.12.2010","9.859,10","10.077,60","10.092,90","9.854,00","466,76M","-2,45%"
"19.12.2010","10.106,90","9.915,60","10.253,90","9.851,10","711,90M","2,11%"
"12.12.2010","9.898,10","10.165,80","10.219,70","9.850,10","1,15B","-2,21%"
"05.12.2010","10.121,90","10.015,90","10.230,30","9.826,30","1,05B","1,07%"
"28.11.2010","10.014,80","9.587,00","10.037,40","9.203,40","1,86B","4,90%"
"21.11.2010","9.547,20","10.388,80","10.393,40","9.442,60","1,46B","-7,05%"
"14.11.2010","10.271,70","10.165,50","10.377,80","10.074,00","1,14B","0,44%"
"07.11.2010","10.226,80","10.335,00","10.448,60","9.891,00","1,33B","-1,93%"
"31.10.2010","10.428,10","10.901,80","10.903,40","10.369,90","1,36B","-3,56%"
"24.10.2010","10.812,90","10.986,00","10.988,40","10.657,30","986,24M","-1,02%"
"17.10.2010","10.924,80","10.820,10","11.021,60","10.751,20","975,02M","0,52%"
"10.10.2010","10.868,20","10.723,80","10.982,10","10.529,70","970,52M","1,37%"
"03.10.2010","10.720,80","10.449,20","10.830,20","10.310,20","952,59M","2,59%"
"26.09.2010","10.450,10","10.732,00","10.767,30","10.378,80","991,66M","-2,59%"
"19.09.2010","10.727,60","10.622,10","10.902,50","10.401,80","1,07B","1,31%"
"12.09.2010","10.588,60","10.775,70","10.846,50","10.544,40","908,76M","-0,94%"
"05.09.2010","10.689,60","10.678,80","10.773,60","10.410,30","699,60M","0,85%"
"29.08.2010","10.599,40","10.201,50","10.708,80","9.964,20","785,38M","4,45%"
"22.08.2010","10.148,20","10.117,10","10.306,20","9.773,80","750,42M","0,53%"
"15.08.2010","10.094,30","10.284,50","10.538,20","10.018,70","696,13M","-1,77%"
"08.08.2010","10.275,80","10.802,80","10.831,20","10.201,60","771,12M","-3,52%"
"01.08.2010","10.651,10","10.535,40","10.953,10","10.489,80","870,04M","1,44%"
"25.07.2010","10.499,80","10.476,70","10.788,00","10.331,00","1,06B","1,07%"
"18.07.2010","10.388,20","9.961,30","10.417,30","9.804,90","1,01B","3,97%"
"11.07.2010","9.991,70","10.145,40","10.318,70","9.913,30","975,74M","-1,34%"
"04.07.2010","10.127,30","9.247,30","10.185,50","9.202,00","1,25B","9,47%"
"27.06.2010","9.250,80","9.612,40","9.705,20","8.977,70","1,20B","-2,98%"
"20.06.2010","9.535,00","10.127,70","10.209,50","9.451,50","1,07B","-4,38%"
"13.06.2010","9.971,80","9.662,00","10.051,80","9.414,00","1,41B","4,29%"
"06.06.2010","9.561,70","8.825,20","9.648,70","8.563,60","1,50B","7,15%"
"30.05.2010","8.923,40","9.346,10","9.488,80","8.881,70","1,12B","-5,33%"
"23.05.2010","9.425,50","9.514,80","9.552,30","8.812,10","1,44B","0,19%"
"16.05.2010","9.407,30","9.224,30","9.716,80","9.005,90","1,66B","0,99%"
"09.05.2010","9.314,70","9.059,20","10.351,90","9.058,60","1,99B","2,97%"
"02.05.2010","9.046,10","10.426,20","10.452,20","8.925,90","2,14B","-13,78%"
"25.04.2010","10.492,20","11.042,70","11.092,60","10.077,90","1,66B","-3,90%"
"18.04.2010","10.918,20","11.155,50","11.337,30","10.753,40","1,12B","-3,03%"
"11.04.2010","11.259,70","11.468,00","11.566,10","11.210,50","1,06B","-1,18%"
"04.04.2010","11.394,20","11.143,20","11.408,50","10.968,20","839,97M","2,95%"
"28.03.2010","11.067,90","11.108,20","11.166,40","10.774,00","590,06M","-0,03%"
"21.03.2010","11.071,10","10.959,60","11.124,00","10.694,20","985,46M","0,73%"
"14.03.2010","10.990,80","11.069,90","11.190,00","10.921,10","940,05M","-0,78%"
"07.03.2010","11.077,00","11.103,10","11.181,30","10.911,10","812,26M","0,52%"
"28.02.2010","11.019,80","10.434,70","11.032,80","10.287,60","984,49M","6,64%"
"21.02.2010","10.333,60","10.752,50","10.773,60","10.047,20","1,03B","-3,21%"
"14.02.2010","10.676,70","10.298,50","10.676,70","10.230,40","902,66M","4,42%"
"07.02.2010","10.224,90","10.132,10","10.557,40","9.970,90","1,34B","1,20%"
"31.01.2010","10.103,30","10.852,40","11.201,60","9.916,60","1,72B","-7,71%"
"24.01.2010","10.947,70","11.275,40","11.385,50","10.821,20","1,26B","-3,74%"
"17.01.2010","11.373,40","11.888,50","12.049,20","11.204,50","1,12B","-3,98%"
"10.01.2010","11.845,00","12.192,50","12.233,90","11.818,60","989,42M","-2,61%"
"03.01.2010","12.163,00","11.986,50","12.240,50","11.986,10","951,71M","1,87%"
"27.12.2009","11.940,00","12.014,00","12.070,90","11.923,00","295,06M","-0,23%"
"20.12.2009","11.967,50","11.696,90","11.990,40","11.656,80","432,98M","2,77%"
"13.12.2009","11.645,00","11.705,40","11.875,20","11.592,40","991,12M","0,25%"
"06.12.2009","11.616,00","11.975,80","12.065,00","11.468,70","1,00B","-3,46%"
"29.11.2009","12.032,20","11.839,40","12.055,30","11.603,60","867,21M","2,17%"
"22.11.2009","11.776,80","11.845,90","12.021,50","11.415,80","791,96M","0,49%"
"15.11.2009","11.719,30","11.943,00","12.102,60","11.702,20","918,30M","-1,24%"
"08.11.2009","11.867,00","11.654,70","11.916,40","11.653,80","923,45M","2,47%"
"01.11.2009","11.580,60","11.354,00","11.627,70","11.179,90","907,01M","1,45%"
"25.10.2009","11.414,80","11.796,80","11.833,20","11.357,70","1,07B","-2,77%"
"18.10.2009","11.739,80","11.747,70","11.960,40","11.644,90","1,00B","0,54%"
"11.10.2009","11.676,40","11.760,70","11.952,90","11.542,10","1,15B","-0,57%"
"04.10.2009","11.743,20","11.322,20","11.907,50","11.271,00","1,18B","3,68%"
"27.09.2009","11.326,70","11.622,00","11.938,20","11.268,50","1,06B","-2,72%"
"20.09.2009","11.643,80","11.772,30","11.900,90","11.561,00","875,90M","-1,13%"
"13.09.2009","11.777,30","11.343,50","11.837,70","11.283,00","1,05B","2,84%"
"06.09.2009","11.452,60","11.328,20","11.531,40","11.260,00","882,08M","2,05%"
"30.08.2009","11.222,70","11.359,80","11.481,40","10.874,40","901,46M","-1,92%"
"23.08.2009","11.442,70","11.239,80","11.522,80","11.189,70","817,32M","2,52%"
"16.08.2009","11.161,00","10.857,40","11.193,90","10.511,90","749,83M","2,38%"
"09.08.2009","10.901,90","10.934,20","11.144,10","10.737,70","706,25M","-0,42%"
"02.08.2009","10.947,60","10.809,90","10.984,00","10.672,60","908,80M","0,85%"
"26.07.2009","10.855,10","10.535,90","10.932,90","10.488,20","1,20B","3,99%"
"19.07.2009","10.438,60","10.136,90","10.496,80","10.046,60","1,01B","3,95%"
"12.07.2009","10.041,90","9.295,30","10.125,80","9.241,20","992,27M","7,46%"
"05.07.2009","9.344,90","9.627,60","9.683,30","9.324,60","934,28M","-3,74%"
"28.06.2009","9.707,80","9.642,40","9.929,40","9.591,00","1,05B","0,22%"
"21.06.2009","9.686,90","9.566,80","9.789,40","9.285,00","1,16B","1,11%"
"14.06.2009","9.580,90","9.673,50","9.679,40","9.200,70","1,34B","-1,37%"
"07.06.2009","9.714,40","9.485,00","9.741,20","9.341,90","949,46M","2,05%"
"31.05.2009","9.519,00","9.554,80","9.713,60","9.375,30","1,12B","1,00%"
"24.05.2009","9.424,30","9.336,80","9.555,60","9.175,60","1,02B","1,24%"
"17.05.2009","9.308,60","8.879,50","9.449,40","8.828,50","1,18B","3,68%"
"10.05.2009","8.978,60","9.457,60","9.460,30","8.838,50","1,39B","-4,57%"
"03.05.2009","9.408,10","9.048,10","9.443,90","8.927,60","1,40B","4,09%"
"26.04.2009","9.038,00","8.739,90","9.100,80","8.503,70","1,17B","1,69%"
"19.04.2009","8.888,20","8.988,30","9.018,10","8.413,60","1,41B","-1,58%"
"12.04.2009","9.030,90","8.688,30","9.030,90","8.662,90","1,34B","3,75%"
"05.04.2009","8.704,80","8.435,00","8.714,00","8.175,10","1,00B","4,63%"
"29.03.2009","8.319,90","7.782,20","8.410,70","7.589,10","1,51B","4,95%"
"22.03.2009","7.927,60","7.838,50","8.121,70","7.783,30","1,31B","2,82%"
"15.03.2009","7.710,00","7.546,60","7.845,60","7.527,20","1,45B","3,80%"
"08.03.2009","7.427,80","6.965,40","7.543,20","6.702,60","1,59B","7,08%"
"01.03.2009","6.936,90","7.428,60","7.464,30","6.883,30","1,50B","-8,98%"
"22.02.2009","7.620,90","7.729,10","7.862,00","7.385,00","1,41B","0,23%"
"15.02.2009","7.603,60","8.206,00","8.228,90","7.601,80","1,30B","-8,01%"
"08.02.2009","8.265,50","8.495,00","8.653,80","8.116,60","1,06B","-3,27%"
"01.02.2009","8.544,70","8.275,40","8.608,70","8.118,30","1,15B","1,12%"
"25.01.2009","8.450,40","8.106,50","8.733,30","8.091,50","1,39B","3,40%"
"18.01.2009","8.172,80","8.739,10","8.788,30","7.981,70","1,33B","-5,19%"
"11.01.2009","8.620,10","9.329,50","9.350,60","8.500,40","1,24B","-8,09%"
"04.01.2009","9.378,50","9.543,40","9.800,00","9.309,50","967,69M","-1,14%"
"28.12.2008","9.486,30","9.081,00","9.486,30","8.955,30","422,62M","4,61%"
"21.12.2008","9.068,50","9.232,30","9.234,60","9.040,80","302,62M","-2,16%"
"14.12.2008","9.268,40","8.994,30","9.332,90","8.930,00","1,28B","3,26%"
"07.12.2008","8.975,50","8.893,50","9.249,40","8.711,00","1,15B","5,70%"
"30.11.2008","8.491,20","8.914,00","9.113,20","8.293,20","1,28B","-4,71%"
"23.11.2008","8.910,60","8.173,70","8.920,50","8.093,20","1,40B","11,74%"
"16.11.2008","7.974,40","8.788,60","8.827,20","7.830,90","1,63B","-9,71%"
"09.11.2008","8.832,20","9.484,30","9.525,80","8.525,90","1,30B","-5,47%"
"02.11.2008","9.343,50","9.185,80","9.883,80","8.977,40","1,32B","2,50%"
"26.10.2008","9.116,00","7.977,00","9.137,70","7.737,20","1,76B","9,13%"
"19.10.2008","8.353,20","9.900,70","10.105,10","7.991,90","1,94B","-13,48%"
"12.10.2008","9.655,20","9.559,30","10.573,10","9.146,60","1,90B","7,31%"
"05.10.2008","8.997,70","11.210,20","11.214,50","8.835,00","2,16B","-21,20%"
"28.09.2008","11.418,50","11.395,90","11.441,50","10.672,60","1,47B","0,27%"
"21.09.2008","11.387,90","11.596,10","11.599,30","11.088,70","1,30B","-1,47%"
"14.09.2008","11.557,90","11.031,40","11.557,90","10.571,10","2,45B","1,28%"
"07.09.2008","11.412,00","11.343,10","11.657,50","10.980,20","1,31B","2,44%"
"31.08.2008","11.139,70","11.607,50","11.936,30","11.118,50","1,05B","-4,85%"
"24.08.2008","11.707,30","11.453,90","11.742,00","11.218,90","762,62M","1,83%"
"17.08.2008","11.497,30","11.674,20","11.784,30","11.185,50","775,92M","-1,62%"
"10.08.2008","11.686,10","11.806,10","12.078,70","11.527,60","914,23M","-0,96%"
"03.08.2008","11.799,90","11.556,10","11.896,60","11.410,10","932,44M","1,99%"
"27.07.2008","11.569,50","11.573,80","11.977,50","11.320,70","1,29B","-0,18%"
"20.07.2008","11.589,90","11.867,40","12.013,90","11.372,20","1,36B","-2,57%"
"13.07.2008","11.895,30","11.448,80","11.928,70","10.932,40","1,51B","4,50%"
"06.07.2008","11.383,50","11.869,30","12.005,80","11.380,90","1,30B","-3,25%"
"29.06.2008","11.765,90","12.092,50","12.135,90","11.629,70","1,41B","-2,68%"
"22.06.2008","12.089,80","12.370,30","12.493,50","11.885,10","1,30B","-2,60%"
"15.06.2008","12.412,50","12.996,90","13.049,70","12.307,50","1,42B","-4,51%"
"08.06.2008","12.998,70","12.815,90","13.022,70","12.562,30","1,40B","0,69%"
"01.06.2008","12.909,80","13.610,50","13.612,10","12.902,40","1,20B","-5,08%"
"25.05.2008","13.600,90","13.524,30","13.664,20","13.397,90","989,01M","0,17%"
"18.05.2008","13.577,60","14.148,90","14.247,60","13.577,60","1,03B","-3,87%"
"11.05.2008","14.124,80","13.991,40","14.301,30","13.959,30","920,46M","1,29%"
"04.05.2008","13.945,10","14.049,20","14.122,80","13.843,90","903,35M","-0,82%"
"27.04.2008","14.060,00","13.766,80","14.169,20","13.561,20","824,60M","2,09%"
"20.04.2008","13.772,80","13.927,20","13.933,20","13.426,60","1,13B","-1,09%"
"13.04.2008","13.924,90","13.214,80","13.945,70","13.106,80","1,09B","4,87%"
"06.04.2008","13.278,30","13.906,70","14.019,60","13.226,40","1,04B","-4,10%"
"30.03.2008","13.846,40","13.359,30","13.846,40","13.181,10","1,37B","3,01%"
"23.03.2008","13.442,40","13.370,40","13.596,40","13.299,90","1,06B","3,69%"
"16.03.2008","12.964,20","12.678,10","13.196,00","12.638,40","1,32B","-0,44%"
"09.03.2008","13.021,40","12.673,00","13.312,50","12.571,40","1,58B","2,60%"
"02.03.2008","12.691,30","12.998,00","13.020,70","12.583,50","1,43B","-3,64%"
"24.02.2008","13.170,40","13.141,80","13.505,50","12.995,40","1,44B","1,17%"
"17.02.2008","13.017,50","13.155,50","13.393,00","12.960,90","1,24B","-0,43%"
"10.02.2008","13.073,90","12.830,10","13.455,90","12.774,10","1,44B","1,08%"
"03.02.2008","12.934,80","13.608,30","13.652,10","12.721,40","1,66B","-4,15%"
"27.01.2008","13.494,70","12.880,30","13.550,00","12.813,10","1,60B","2,69%"
"20.01.2008","13.141,10","13.477,10","13.494,40","11.937,20","2,43B","-3,77%"
"13.01.2008","13.655,40","14.398,00","14.540,90","13.608,20","1,84B","-5,55%"
"06.01.2008","14.458,00","14.551,70","14.808,80","14.428,70","1,55B","-0,99%"
"30.12.2007","14.602,30","15.101,90","15.186,00","14.511,00","856,66M","-3,82%"
"23.12.2007","15.182,30","15.344,20","15.397,90","15.124,90","365,74M","-0,70%"
"16.12.2007","15.289,30","15.404,40","15.444,50","15.107,40","1,24B","-1,84%"
"09.12.2007","15.575,70","15.760,90","15.983,40","15.429,50","1,09B","-1,54%"
"02.12.2007","15.819,60","15.767,10","15.901,40","15.615,00","964,32M","0,38%"
"25.11.2007","15.759,90","15.476,80","15.799,20","15.165,10","1,35B","2,39%"
"18.11.2007","15.392,20","15.770,30","15.935,30","15.267,00","1,23B","-2,39%"
"11.11.2007","15.769,00","15.660,50","15.943,60","15.560,00","1,34B","0,24%"
"04.11.2007","15.731,20","15.708,80","16.040,40","15.612,60","1,37B","-0,58%"
"28.10.2007","15.823,70","15.703,60","15.928,30","15.622,60","1,17B","1,41%"
"21.10.2007","15.603,90","15.254,60","15.652,70","15.187,50","1,21B","0,48%"
"14.10.2007","15.529,70","15.275,90","15.627,30","15.114,60","1,46B","1,76%"
"07.10.2007","15.261,30","14.915,20","15.264,20","14.754,60","1,12B","2,48%"
"30.09.2007","14.892,10","14.519,00","14.900,40","14.443,90","1,20B","2,17%"
"23.09.2007","14.576,50","14.439,40","14.704,50","14.224,00","1,01B","0,87%"
"16.09.2007","14.450,60","13.819,30","14.550,10","13.519,10","1,43B","4,25%"
"09.09.2007","13.861,00","13.862,00","14.101,40","13.703,60","1,15B","-0,09%"
"02.09.2007","13.873,40","14.517,70","14.593,10","13.816,30","978,09M","-4,19%"
"26.08.2007","14.479,80","14.388,60","14.529,00","14.014,10","743,71M","1,01%"
"19.08.2007","14.334,40","14.277,90","14.482,10","14.067,10","763,77M","0,68%"
"12.08.2007","14.237,50","14.568,70","14.754,00","13.841,60","1,17B","-1,50%"
"05.08.2007","14.453,90","14.404,90","15.028,70","14.385,30","1,18B","-0,55%"
"29.07.2007","14.534,30","14.603,40","14.802,40","14.441,80","1,11B","-0,36%"
"22.07.2007","14.587,50","14.933,90","15.135,20","14.378,70","1,17B","-2,29%"
"15.07.2007","14.930,10","15.041,40","15.297,20","14.925,80","1,02B","-0,62%"
"08.07.2007","15.023,50","15.102,30","15.145,90","14.601,80","909,39M","-0,23%"
"01.07.2007","15.058,30","14.790,80","15.058,30","14.741,20","779,89M","1,12%"
"24.06.2007","14.892,00","14.672,00","14.892,00","14.582,40","1,15B","0,72%"
"17.06.2007","14.784,90","15.239,90","15.251,20","14.756,80","1,08B","-3,06%"
"10.06.2007","15.252,10","14.908,80","15.288,50","14.638,10","1,38B","2,94%"
"03.06.2007","14.816,50","15.482,20","15.511,80","14.604,60","1,42B","-4,42%"
"27.05.2007","15.501,50","15.097,90","15.543,80","15.035,40","1,01B","2,98%"
"20.05.2007","15.053,20","15.108,50","15.223,90","14.970,10","914,96M","-0,10%"
"13.05.2007","15.068,40","14.780,90","15.114,30","14.650,90","1,01B","2,25%"
"06.05.2007","14.736,30","14.667,70","14.751,10","14.449,30","1,04B","0,79%"
"29.04.2007","14.620,30","14.386,00","14.636,50","14.176,00","955,24M","1,50%"
"22.04.2007","14.403,60","15.091,10","15.111,70","14.342,00","1,30B","-4,49%"
"15.04.2007","15.080,90","15.008,80","15.136,20","14.623,30","1,12B","0,77%"
"08.04.2007","14.965,30","14.973,00","15.063,80","14.775,20","733,32M","-0,06%"
"01.04.2007","14.974,90","14.619,90","14.988,60","14.580,50","825,70M","2,28%"
"25.03.2007","14.641,70","14.566,00","14.730,40","14.410,90","1,08B","0,66%"
"18.03.2007","14.545,70","14.101,60","14.555,20","14.093,20","1,15B","4,07%"
"11.03.2007","13.977,40","14.311,30","14.359,80","13.602,40","1,39B","-1,96%"
"04.03.2007","14.257,20","13.689,80","14.306,10","13.654,90","1,20B","2,11%"
"25.02.2007","13.962,20","14.792,50","14.882,20","13.820,60","1,55B","-5,45%"
"18.02.2007","14.767,10","14.884,30","14.963,60","14.703,90","842,42M","-0,57%"
"11.02.2007","14.851,20","14.831,90","14.938,30","14.729,00","966,51M","-0,16%"
"04.02.2007","14.875,50","14.602,90","14.927,20","14.559,00","994,36M","1,67%"
"28.01.2007","14.631,20","14.403,10","14.656,90","14.391,70","880,43M","1,50%"
"21.01.2007","14.415,40","14.416,20","14.605,60","14.304,70","893,42M","0,12%"
"14.01.2007","14.397,90","14.414,30","14.482,60","14.182,00","971,41M","0,21%"
"07.01.2007","14.368,20","14.312,80","14.417,50","14.065,70","1,14B","0,44%"
"31.12.2006","14.304,70","14.173,20","14.396,60","14.157,30","826,07M","1,12%"
"24.12.2006","14.146,50","13.955,10","14.204,70","13.955,10","347,44M","0,57%"
"17.12.2006","14.066,10","14.368,20","14.376,60","14.030,30","745,09M","-2,23%"
"10.12.2006","14.387,60","14.119,40","14.420,80","14.116,00","957,15M","2,21%"
"03.12.2006","14.076,60","13.694,60","14.117,90","13.655,40","796,41M","3,05%"
"26.11.2006","13.660,60","14.051,90","14.100,40","13.551,10","1,22B","-3,03%"
"19.11.2006","14.088,10","14.101,90","14.338,00","14.047,00","780,18M","-0,58%"
"12.11.2006","14.170,00","14.012,60","14.245,80","13.987,40","906,18M","1,20%"
"05.11.2006","14.002,40","13.861,40","14.125,00","13.847,50","1,09B","1,51%"
"29.10.2006","13.794,70","13.639,50","13.872,20","13.600,50","854,96M","0,50%"
"22.10.2006","13.725,80","13.576,90","13.744,30","13.506,50","923,09M","1,24%"
"15.10.2006","13.558,00","13.437,50","13.565,30","13.233,40","875,80M","0,77%"
"08.10.2006","13.454,50","13.114,40","13.465,60","13.097,30","860,46M","2,30%"
"01.10.2006","13.152,10","12.937,20","13.286,30","12.819,60","1,13B","1,68%"
"24.09.2006","12.934,70","12.427,00","13.001,60","12.333,30","1,09B","4,40%"
"17.09.2006","12.389,50","12.294,60","12.502,80","12.207,70","818,62M","0,90%"
"10.09.2006","12.278,40","12.047,70","12.337,50","11.969,20","905,97M","1,63%"
"03.09.2006","12.081,70","12.216,60","12.282,40","11.991,90","579,64M","-0,91%"
"27.08.2006","12.193,00","12.044,80","12.231,90","11.981,00","534,80M","1,25%"
"20.08.2006","12.042,90","12.029,10","12.121,50","11.970,20","472,84M","-0,21%"
"13.08.2006","12.067,80","11.849,30","12.098,40","11.829,80","455,54M","2,47%"
"06.08.2006","11.777,30","11.836,20","11.922,20","11.707,60","521,36M","-1,31%"
"30.07.2006","11.934,10","11.871,80","11.934,10","11.698,50","561,23M","0,39%"
"23.07.2006","11.887,40","11.343,90","11.892,30","11.337,50","752,27M","4,88%"
"16.07.2006","11.333,90","11.243,10","11.523,80","11.116,00","692,04M","0,83%"
"09.07.2006","11.240,20","11.581,80","11.650,50","11.240,20","635,18M","-3,32%"
"02.07.2006","11.626,70","11.527,90","11.650,50","11.469,20","624,90M","0,68%"
"25.06.2006","11.548,10","11.313,80","11.585,30","11.158,50","742,76M","2,43%"
"18.06.2006","11.274,20","11.032,60","11.302,90","10.965,10","746,33M","2,84%"
"11.06.2006","10.962,80","11.060,80","11.176,50","10.744,20","1,00B","-1,22%"
"04.06.2006","11.098,20","11.380,00","11.380,00","10.952,60","913,88M","-2,31%"
"28.05.2006","11.360,70","11.401,90","11.470,60","11.049,20","750,02M","-0,47%"
"21.05.2006","11.414,80","11.246,60","11.414,80","10.918,30","1,09B","1,28%"
"14.05.2006","11.270,80","11.661,30","11.673,10","11.069,10","1,05B","-3,75%"
"07.05.2006","11.710,20","12.070,50","12.106,00","11.710,20","809,98M","-2,69%"
"30.04.2006","12.034,40","11.843,30","12.034,40","11.835,90","605,32M","1,19%"
"23.04.2006","11.892,50","11.884,40","11.975,50","11.812,90","757,33M","-0,18%"
"16.04.2006","11.913,80","11.589,40","11.913,80","11.552,10","656,73M","2,62%"
"09.04.2006","11.609,40","11.792,40","11.822,20","11.564,20","511,28M","-1,75%"
"02.04.2006","11.816,70","11.923,50","11.958,60","11.807,70","742,07M","-0,32%"
"26.03.2006","11.854,30","11.939,50","11.954,10","11.753,90","751,69M","-0,84%"
"19.03.2006","11.954,40","11.909,30","11.970,00","11.857,80","700,56M","0,69%"
"12.03.2006","11.872,90","11.808,70","11.949,60","11.773,30","918,87M","0,86%"
"05.03.2006","11.771,80","11.765,70","11.812,40","11.566,80","808,35M","0,14%"
"26.02.2006","11.755,70","11.821,10","11.918,60","11.691,80","931,09M","-0,26%"
"19.02.2006","11.786,90","11.473,50","11.786,90","11.456,90","909,15M","2,57%"
"12.02.2006","11.491,30","11.325,10","11.501,40","11.281,20","771,63M","1,58%"
"05.02.2006","11.312,60","11.199,80","11.366,90","11.083,40","949,28M","1,22%"
"29.01.2006","11.175,80","11.012,40","11.253,00","10.979,70","961,62M","1,38%"
"22.01.2006","11.023,20","10.642,90","11.026,90","10.611,10","1,08B","2,63%"
"15.01.2006","10.740,90","10.825,90","10.905,80","10.674,20","853,13M","-1,01%"
"08.01.2006","10.850,70","10.943,10","10.969,40","10.825,50","878,64M","-0,58%"
"01.01.2006","10.913,60","10.725,80","10.929,60","10.720,00","516,77M","1,67%"
"25.12.2005","10.733,90","10.718,30","10.811,90","10.696,90","312,08M","0,09%"
"18.12.2005","10.723,90","10.549,60","10.753,30","10.495,90","649,39M","1,60%"
"11.12.2005","10.555,30","10.521,70","10.602,10","10.450,60","867,14M","0,63%"
"04.12.2005","10.489,30","10.669,00","10.669,00","10.423,90","618,43M","-1,51%"
"27.11.2005","10.649,80","10.677,20","10.716,80","10.540,50","665,08M","-0,06%"
"20.11.2005","10.656,30","10.532,90","10.672,60","10.491,70","608,87M","1,23%"
"13.11.2005","10.527,10","10.490,70","10.577,30","10.338,70","847,83M","0,16%"
"06.11.2005","10.510,30","10.406,20","10.518,90","10.362,00","783,28M","0,94%"
"30.10.2005","10.412,30","10.417,20","10.500,40","10.336,10","1,17B","0,70%"
"23.10.2005","10.339,50","10.359,10","10.562,70","10.256,00","951,95M","-0,28%"
"16.10.2005","10.368,80","10.646,70","10.678,90","10.326,00","848,60M","-2,45%"
"09.10.2005","10.629,30","10.754,10","10.866,20","10.513,00","825,17M","-0,96%"
"02.10.2005","10.732,40","10.835,80","10.919,20","10.680,70","1,02B","-0,75%"
"25.09.2005","10.813,90","10.671,00","10.851,40","10.664,20","1,07B","1,72%"
"18.09.2005","10.631,20","10.511,10","10.642,80","10.464,40","820,41M","0,94%"
"11.09.2005","10.532,10","10.519,90","10.560,60","10.421,20","756,37M","0,43%"
"04.09.2005","10.486,60","10.157,20","10.494,20","10.148,70","769,02M","3,37%"
"28.08.2005","10.145,00","9.862,40","10.184,80","9.823,80","754,20M","2,43%"
"21.08.2005","9.904,80","10.149,00","10.183,00","9.903,40","521,03M","-2,25%"
"14.08.2005","10.132,90","10.163,80","10.223,80","10.029,40","486,43M","-0,53%"
"07.08.2005","10.187,20","10.052,10","10.253,70","10.045,20","651,08M","1,41%"
"31.07.2005","10.045,40","10.122,60","10.151,10","10.029,00","704,53M","-0,69%"
"24.07.2005","10.115,60","10.036,70","10.162,40","9.979,50","681,53M","0,97%"
"17.07.2005","10.018,80","9.944,80","10.068,00","9.927,50","798,85M","0,75%"
"10.07.2005","9.943,80","9.831,10","9.996,40","9.819,60","805,53M","1,54%"
"03.07.2005","9.793,20","9.808,30","9.849,50","9.399,30","888,83M","-0,37%"
"26.06.2005","9.829,10","9.629,70","9.829,10","9.590,70","843,89M","1,57%"
"19.06.2005","9.677,40","9.670,90","9.779,40","9.633,90","656,22M","-0,05%"
"12.06.2005","9.682,30","9.564,00","9.706,20","9.526,70","684,58M","1,26%"
"05.06.2005","9.561,50","9.480,70","9.574,00","9.443,00","635,16M","0,67%"
"29.05.2005","9.497,70","9.363,70","9.587,40","9.352,50","575,46M","1,24%"
"22.05.2005","9.381,50","9.408,90","9.428,30","9.333,00","484,93M","0,14%"
"15.05.2005","9.368,50","9.222,00","9.411,50","9.193,60","631,01M","1,58%"
"08.05.2005","9.222,50","9.245,60","9.250,60","9.121,90","659,85M","-0,44%"
"01.05.2005","9.263,10","9.027,90","9.273,10","9.020,10","569,17M","2,91%"
"24.04.2005","9.001,60","9.050,50","9.130,00","8.940,50","751,23M","-1,04%"
"17.04.2005","9.096,40","9.046,60","9.115,90","8.938,90","835,84M","-0,64%"
"10.04.2005","9.155,20","9.341,00","9.382,60","9.155,20","679,52M","-2,46%"
"03.04.2005","9.385,80","9.257,30","9.442,20","9.164,30","691,24M","1,04%"
"27.03.2005","9.289,50","9.266,10","9.355,80","9.234,10","537,29M","-0,21%"
"20.03.2005","9.309,30","9.236,90","9.329,10","9.196,80","494,43M","0,49%"
"13.03.2005","9.263,90","9.318,80","9.360,90","9.158,00","763,04M","-0,71%"
"06.03.2005","9.330,20","9.568,10","9.581,80","9.296,90","688,62M","-2,18%"
"27.02.2005","9.538,00","9.454,40","9.538,00","9.370,80","705,87M","1,04%"
"20.02.2005","9.439,70","9.577,60","9.596,30","9.261,40","855,32M","-1,36%"
"13.02.2005","9.570,10","9.588,10","9.647,70","9.540,20","731,11M","-0,19%"
"06.02.2005","9.588,30","9.449,10","9.588,30","9.410,40","782,37M","1,76%"
"30.01.2005","9.422,50","9.163,20","9.422,50","9.161,90","717,23M","3,10%"
"23.01.2005","9.139,40","8.981,90","9.164,60","8.907,00","765,60M","1,56%"
"16.01.2005","8.999,40","9.040,20","9.137,10","8.985,30","708,78M","-0,28%"
"09.01.2005","9.025,10","9.045,60","9.058,80","8.919,90","720,86M","-0,18%"